record_type,section,item_id,claim_or_key,input_or_condition,method_or_derivation,result_or_value,evidence_status,caveat_or_scope,source_experiment,source_document,reproduction_or_check
meta,How to use this file,README-1,This CSV is a verification companion to the public-facing slide deck.,"Rows mix observations, derived tables, finite-enumeration results, witness sets, caveats, and prospective predictions.",Use record_type + section to filter.,"Designed to answer 'what is the evidence?', 'how was this derived?', and 'what would falsify it?'",documentation,It is not a replacement for the canonical research docs or code artifacts.,post-Experiment 150 / Engines A-C,Results & Observations,
meta,Notation,README-2,Primary symbols and Q4 symbols use different binary conventions in later state-register analysis.,"Primary: slash=0, dash=1. Q4: slash=0, dot=1.",Only use this convention for rows that explicitly refer to binary/register form.,Binary state-register convention,derived,Do not retroactively treat every earlier ternary representation as this binary code.,Experiment 194,Results & Observations,
meta,Epistemic rule,README-3,Structural prediction first; semantic interpretation second.,Models invented from the closed corpus remain exploratory on that same corpus.,Prospective/new observations are preferred as falsification tests.,Methodological guardrail,method,MIL/MIX/MISS/XML and plaintext/lore readings are quarantined unless independently selected.,current operating directive,Investigation Plan,
summary,Corpus,CORPUS-1,Current canonical physical corpus,Public classified sticker ledger,Count classified number/symbol observations,82 physical observations,observed,Earlier 81 count was a parsing artifact involving sticker #476.,Experiment 20,Results & Observations,
summary,Corpus,CORPUS-2,Current H108 fold occupancy,Fold sticker numbers modulo 108,Deduplicate physical observations landing on same residue,65 occupied H108 residues; 43 unobserved residues,derived,No symbol contradictions among occupied residues.,Experiment 20 / 194,Results & Observations,
summary,Corpus,CORPUS-3,Observed symbol totals in current H108 master,65 occupied residues,Count symbols after H108 folding,36 slash; 22 dash; 7 dot,observed/derived,"Counts are for unique H108 residues, not physical sticker copies.",Experiment 165,Results & Observations,
data_row,H108 repeated observations,H108-REP-01,"Sticker numbers 123,231,339 share one H108 residue",Serial numbers differ by a multiple of 108,Compare classified foreground symbols,slash,observed,Examples are illustrative; the complete repeated-residue structure is summarized separately.,Experiment 6 / 20,Results & Observations,Verify each sticker number modulo 108 and compare the public classification.
data_row,H108 repeated observations,H108-REP-02,"Sticker numbers 38,362,470 share one H108 residue",Serial numbers differ by a multiple of 108,Compare classified foreground symbols,slash,observed,Examples are illustrative; the complete repeated-residue structure is summarized separately.,Experiment 6 / 20,Results & Observations,Verify each sticker number modulo 108 and compare the public classification.
data_row,H108 repeated observations,H108-REP-03,"Sticker numbers 126,450 share one H108 residue",Serial numbers differ by a multiple of 108,Compare classified foreground symbols,dash,observed,Examples are illustrative; the complete repeated-residue structure is summarized separately.,Experiment 6 / 20,Results & Observations,Verify each sticker number modulo 108 and compare the public classification.
data_row,H108 repeated observations,H108-REP-04,"Sticker numbers 37,469 share one H108 residue",Serial numbers differ by a multiple of 108,Compare classified foreground symbols,dash,observed,Examples are illustrative; the complete repeated-residue structure is summarized separately.,Experiment 6 / 20,Results & Observations,Verify each sticker number modulo 108 and compare the public classification.
data_row,H108 repeated observations,H108-REP-05,"Sticker numbers 118,334 share one H108 residue",Serial numbers differ by a multiple of 108,Compare classified foreground symbols,dash,observed,Examples are illustrative; the complete repeated-residue structure is summarized separately.,Experiment 6 / 20,Results & Observations,Verify each sticker number modulo 108 and compare the public classification.
data_row,H108 repeated observations,H108-REP-06,"Sticker numbers 32,248 share one H108 residue",Serial numbers differ by a multiple of 108,Compare classified foreground symbols,slash,observed,Examples are illustrative; the complete repeated-residue structure is summarized separately.,Experiment 6 / 20,Results & Observations,Verify each sticker number modulo 108 and compare the public classification.
data_row,H108 repeated observations,H108-REP-07,"Sticker numbers 154,478 share one H108 residue",Serial numbers differ by a multiple of 108,Compare classified foreground symbols,slash,observed,Examples are illustrative; the complete repeated-residue structure is summarized separately.,Experiment 6 / 20,Results & Observations,Verify each sticker number modulo 108 and compare the public classification.
data_row,H108 repeated observations,H108-REP-08,"Sticker numbers 63,171 share one H108 residue",Serial numbers differ by a multiple of 108,Compare classified foreground symbols,slash,observed,Examples are illustrative; the complete repeated-residue structure is summarized separately.,Experiment 6 / 20,Results & Observations,Verify each sticker number modulo 108 and compare the public classification.
data_row,H108 repeated observations,H108-REP-09,"Sticker numbers 444,336 share one H108 residue",Serial numbers differ by a multiple of 108,Compare classified foreground symbols,dash,observed,Examples are illustrative; the complete repeated-residue structure is summarized separately.,Experiment 6 / 20,Results & Observations,Verify each sticker number modulo 108 and compare the public classification.
summary,H108 repeated observations,H108-REP-SUM,Repeated H108 residues are conflict-free,15 residues have multiple observations,Count every within-residue physical pair,19/19 pairwise agreements: separation 108=8 pairs; 216=5; 324=4; 432=2,strong empirical evidence,The 19 comparisons are not all statistically independent.,Experiment 20,Results & Observations,Fold all 82 classified stickers modulo 108 and enumerate within-residue pairs.
data_row,H108 period scan,PERIOD-108,Period 108,Periods 2-300; same exact-consistency criterion; require >=3 collision groups,Fold observations modulo period and count conflict-free collision groups,15 collision groups / 19 agreeing pairs / 0 conflicts,diagnostic,strongest,Experiment 20,Results & Observations,
data_row,H108 period scan,PERIOD-197,Period 197,Periods 2-300; same exact-consistency criterion; require >=3 collision groups,Fold observations modulo period and count conflict-free collision groups,6 / 6 / 0 conflicts,diagnostic,sparse alternative,Experiment 20,Results & Observations,
data_row,H108 period scan,PERIOD-216,Period 216,Periods 2-300; same exact-consistency criterion; require >=3 collision groups,Fold observations modulo period and count conflict-free collision groups,7 / 7 / 0 conflicts,diagnostic,coarser multiple of 108; not independent,Experiment 20,Results & Observations,
data_row,H108 period scan,PERIOD-254,Period 254,Periods 2-300; same exact-consistency criterion; require >=3 collision groups,Fold observations modulo period and count conflict-free collision groups,4 / 4 / 0 conflicts,diagnostic,sparse alternative,Experiment 20,Results & Observations,
data_row,H108 robustness,H108-NULL-1,global exact-count shuffle,"100,000","Preserve the stated nuisance structure, then test H108 exact consistency",0 clean H108 folds,diagnostic,"These are specified-null diagnostics, not universal p-values.",Experiment 20,Results & Observations,Re-run the shuffle/shift test with the fixed 82 sticker serials and classifications.
data_row,H108 robustness,H108-NULL-2,within 9 background classes,"100,000","Preserve the stated nuisance structure, then test H108 exact consistency",0 clean H108 folds,diagnostic,"These are specified-null diagnostics, not universal p-values.",Experiment 20,Results & Observations,Re-run the shuffle/shift test with the fixed 82 sticker serials and classifications.
data_row,H108 robustness,H108-NULL-3,within 108-sticker serial bins,"100,000","Preserve the stated nuisance structure, then test H108 exact consistency",0 clean H108 folds,diagnostic,"These are specified-null diagnostics, not universal p-values.",Experiment 20,Results & Observations,Re-run the shuffle/shift test with the fixed 82 sticker serials and classifications.
data_row,H108 robustness,H108-NULL-4,within 216-sticker serial bins,"100,000","Preserve the stated nuisance structure, then test H108 exact consistency",0 clean H108 folds,diagnostic,"These are specified-null diagnostics, not universal p-values.",Experiment 20,Results & Observations,Re-run the shuffle/shift test with the fixed 82 sticker serials and classifications.
data_row,H108 robustness,H108-NULL-5,within 54-sticker serial bins,"100,000","Preserve the stated nuisance structure, then test H108 exact consistency",1 clean H108 fold,diagnostic,"These are specified-null diagnostics, not universal p-values.",Experiment 20,Results & Observations,Re-run the shuffle/shift test with the fixed 82 sticker serials and classifications.
data_row,H108 robustness,H108-NULL-6,background class + 108-sticker bin,"100,000","Preserve the stated nuisance structure, then test H108 exact consistency",13 clean H108 folds,diagnostic,"These are specified-null diagnostics, not universal p-values.",Experiment 20,Results & Observations,Re-run the shuffle/shift test with the fixed 82 sticker serials and classifications.
data_row,H108 robustness,H108-NULL-7,circular shift of sorted 82-symbol sequence,82 possible shifts,"Preserve the stated nuisance structure, then test H108 exact consistency",only true alignment has zero H108 conflicts and all 19 agreeing pairs,diagnostic,"These are specified-null diagnostics, not universal p-values.",Experiment 20,Results & Observations,Re-run the shuffle/shift test with the fixed 82 sticker serials and classifications.
data_row,H108 historical validation,H108-LATE-1,Later sticker #63,Prediction from old residue 63,Use pre-2021 H108 assignments as retrospective holdout predictions,slash,chronology-separated validation,"Split was examined after H108 was noticed, so this is not a prospectively preregistered holdout.",Experiment 7,Results & Observations,Confirm discovery date and compare symbol with the already-established H108 residue.
data_row,H108 historical validation,H108-LATE-2,Later sticker #436,Prediction from old residue 4,Use pre-2021 H108 assignments as retrospective holdout predictions,dash,chronology-separated validation,"Split was examined after H108 was noticed, so this is not a prospectively preregistered holdout.",Experiment 7,Results & Observations,Confirm discovery date and compare symbol with the already-established H108 residue.
data_row,H108 historical validation,H108-LATE-3,Later sticker #444,Prediction from old residue 12,Use pre-2021 H108 assignments as retrospective holdout predictions,dash,chronology-separated validation,"Split was examined after H108 was noticed, so this is not a prospectively preregistered holdout.",Experiment 7,Results & Observations,Confirm discovery date and compare symbol with the already-established H108 residue.
data_row,H108 historical validation,H108-LATE-4,Later sticker #449,Prediction from old residue 17,Use pre-2021 H108 assignments as retrospective holdout predictions,slash,chronology-separated validation,"Split was examined after H108 was noticed, so this is not a prospectively preregistered holdout.",Experiment 7,Results & Observations,Confirm discovery date and compare symbol with the already-established H108 residue.
data_row,H108 historical validation,H108-LATE-5,Later sticker #450,Prediction from old residue 18,Use pre-2021 H108 assignments as retrospective holdout predictions,dash,chronology-separated validation,"Split was examined after H108 was noticed, so this is not a prospectively preregistered holdout.",Experiment 7,Results & Observations,Confirm discovery date and compare symbol with the already-established H108 residue.
data_row,H108 historical validation,H108-LATE-6,Later sticker #469,Prediction from old residue 37,Use pre-2021 H108 assignments as retrospective holdout predictions,dash,chronology-separated validation,"Split was examined after H108 was noticed, so this is not a prospectively preregistered holdout.",Experiment 7,Results & Observations,Confirm discovery date and compare symbol with the already-established H108 residue.
data_row,H108 historical validation,H108-LATE-7,Later sticker #470,Prediction from old residue 38,Use pre-2021 H108 assignments as retrospective holdout predictions,slash,chronology-separated validation,"Split was examined after H108 was noticed, so this is not a prospectively preregistered holdout.",Experiment 7,Results & Observations,Confirm discovery date and compare symbol with the already-established H108 residue.
data_row,H108 historical validation,H108-LATE-8,Later sticker #478,Prediction from old residue 46,Use pre-2021 H108 assignments as retrospective holdout predictions,slash,chronology-separated validation,"Split was examined after H108 was noticed, so this is not a prospectively preregistered holdout.",Experiment 7,Results & Observations,Confirm discovery date and compare symbol with the already-established H108 residue.
summary,H108 historical validation,H108-LATE-SUM,All eight later observations matched prior H108 residue assignments,Four slash + four dash predictions,Exact conditional match calculation under later subset's symbol totals,8/8 matched; conditional exact probability ≈0.00278,supportive retrospective validation,"Use as a sanity check, not publication-grade prospective evidence.",Experiment 7,Results & Observations,
data_row,H108 folded 3x3 units,FRAME-01,Frame 1,Serial A-I order,Fold current observations modulo 108 and group each consecutive 9-cell unit,?/--/?/?/ ; coverage 6/9,observed/derived,Historical notation uses • for dot and ? for unknown.,Experiment 6,Results & Observations,
data_row,H108 folded 3x3 units,FRAME-02,Frame 2,Serial A-I order,Fold current observations modulo 108 and group each consecutive 9-cell unit,-?-/-/?/- ; coverage 7/9,observed/derived,Historical notation uses • for dot and ? for unknown.,Experiment 6,Results & Observations,
data_row,H108 folded 3x3 units,FRAME-03,Frame 3,Serial A-I order,Fold current observations modulo 108 and group each consecutive 9-cell unit,-/-?--?-? ; coverage 6/9,observed/derived,Historical notation uses • for dot and ? for unknown.,Experiment 6,Results & Observations,
data_row,H108 folded 3x3 units,FRAME-04,Frame 4,Serial A-I order,Fold current observations modulo 108 and group each consecutive 9-cell unit,?//-/???/ ; coverage 5/9,observed/derived,Historical notation uses • for dot and ? for unknown.,Experiment 6,Results & Observations,
data_row,H108 folded 3x3 units,FRAME-05,Frame 5,Serial A-I order,Fold current observations modulo 108 and group each consecutive 9-cell unit,-///?//-? ; coverage 7/9,observed/derived,Historical notation uses • for dot and ? for unknown.,Experiment 6,Results & Observations,
data_row,H108 folded 3x3 units,FRAME-06,Frame 6,Serial A-I order,Fold current observations modulo 108 and group each consecutive 9-cell unit,///??-?-? ; coverage 5/9,observed/derived,Historical notation uses • for dot and ? for unknown.,Experiment 6,Results & Observations,
data_row,H108 folded 3x3 units,FRAME-07,Frame 7,Serial A-I order,Fold current observations modulo 108 and group each consecutive 9-cell unit,?/-?//??/ ; coverage 5/9,observed/derived,Historical notation uses • for dot and ? for unknown.,Experiment 6,Results & Observations,
data_row,H108 folded 3x3 units,FRAME-08,Frame 8,Serial A-I order,Fold current observations modulo 108 and group each consecutive 9-cell unit,?//??/--- ; coverage 6/9,observed/derived,Historical notation uses • for dot and ? for unknown.,Experiment 6,Results & Observations,
data_row,H108 folded 3x3 units,FRAME-09,Frame 9,Serial A-I order,Fold current observations modulo 108 and group each consecutive 9-cell unit,?--/?//// ; coverage 7/9,observed/derived,Historical notation uses • for dot and ? for unknown.,Experiment 6,Results & Observations,
data_row,H108 folded 3x3 units,FRAME-10,Frame 10,Serial A-I order,Fold current observations modulo 108 and group each consecutive 9-cell unit,???•/??•• ; coverage 4/9,observed/derived,Historical notation uses • for dot and ? for unknown.,Experiment 6,Results & Observations,
data_row,H108 folded 3x3 units,FRAME-11,Frame 11,Serial A-I order,Fold current observations modulo 108 and group each consecutive 9-cell unit,?•??•/••? ; coverage 5/9,observed/derived,Historical notation uses • for dot and ? for unknown.,Experiment 6,Results & Observations,
data_row,H108 folded 3x3 units,FRAME-12,Frame 12,Serial A-I order,Fold current observations modulo 108 and group each consecutive 9-cell unit,?/??????/ ; coverage 2/9,observed/derived,Historical notation uses • for dot and ? for unknown.,Experiment 6,Results & Observations,
model_component,Coordinate systems,COORD-12x9,12x9,108 cells,Factor 108 using the known 9-image cadence and quarter decomposition,twelve consecutive 3x3 frames,structurally natural representation,Representation is not itself proof of semantic intent.,current operating directive,Investigation Plan,
model_component,Coordinate systems,COORD-4x27,4x27,108 cells,Factor 108 using the known 9-image cadence and quarter decomposition,four consecutive 27-cell quarters,structurally natural representation,Representation is not itself proof of semantic intent.,current operating directive,Investigation Plan,
model_component,Coordinate systems,COORD-4x3x3x3,4x3x3x3,108 cells,Factor 108 using the known 9-image cadence and quarter decomposition,quarter × depth × row × column,structurally natural representation,Representation is not itself proof of semantic intent.,current operating directive,Investigation Plan,
model_component,Primary compact lattice,LATTICE-1,Compact primary lattice,Registered primary frames after reconstruction,Compress fixed frame payloads and unresolved x/y degrees of freedom,112 212 0x0 / 212 002 100 / 1y2 022 100,derived structural model,"x∈{1,2}; y∈{0,1,2}.",Experiments 115-150,Results & Observations,
model_component,Primary compact lattice,LATTICE-2,Request bits,"x,y unresolved variables",Define high-state indicators,X=[x=2]; Y=[y=2],derived,Do not confuse x/y trits with X/Y Boolean predicates.,Experiments 115-150,Results & Observations,
model_component,Q4 selector,Q4-1,Depth-one-slash rule,Final 27 H108 cells grouped by image class across three repeated A-I rows,Each of nine depth stacks is constrained to exactly one slash,Q4 acts as a one-of-three depth selector surface,frozen structural model / now mechanistically productive,Initial compatibility alone was weak: 192/330 placements ≈0.5818 under one diagnostic.,Q4 experiments / Experiment 114,Results & Observations,
data_row,Q4 selector,Q4-WITNESS,Unique minimal native-rule witness,Six native one-of-three sibling rules: depth/row/column × one-slash/one-dot,Find smallest current observed subset that leaves only depth + one-slash,89=dot; 92=dot; 95=dot; 97=dot; 98=dot; 101=slash; 108=slash,exact finite witness,Unique seven-cell witness within this six-rule family.,Experiment 165,Results & Observations,Enumerate all six native rules against subsets of current Q4 observations.
model_component,Primary frames,DASH-COL-1,Frames 4-9: one dash per vertical column,Six consecutive ordinary 3x3 frames,Check each column for exactly one dash under the registered orientation,All frames 4-9 are compatible,frozen predictor,"Bounded family-wise diagnostic ≈9.2% when allowing row/column orientation, target symbol, and runs among frames 1-9.",current operating directive,Results & Observations,
data_row,Control relation,ARB-1,Request 00,"X,Y Boolean request bits",Observed/derived legal completion relation,p=1,derived exact relation,At 11 both mutually exclusive side grants remain legal.,Engine A/B,Results & Observations,
data_row,Control relation,ARB-2,Request 01,"X,Y Boolean request bits",Observed/derived legal completion relation,p=0,derived exact relation,At 11 both mutually exclusive side grants remain legal.,Engine A/B,Results & Observations,
data_row,Control relation,ARB-3,Request 10,"X,Y Boolean request bits",Observed/derived legal completion relation,p=2,derived exact relation,At 11 both mutually exclusive side grants remain legal.,Engine A/B,Results & Observations,
data_row,Control relation,ARB-4,Request 11,"X,Y Boolean request bits",Observed/derived legal completion relation,p=0 or 2,derived exact relation,At 11 both mutually exclusive side grants remain legal.,Engine A/B,Results & Observations,
summary,Control relation,ARB-SUM,Priority-free two-request arbiter form,Four Boolean request states; one 3-valued grant; five legal triples,Compare equal-cardinality relations and standard arbiter role assignments,324 equal-cardinality relations; 6 abstract priority-free arbiter role assignments; 36 physical predicate/label siblings; real physical relation unique in that 36-member family,MDL/compression result,Not a p-value; 'arbiter' is a compact rule description.,Engine B / Experiment 103,Results & Observations,
model_component,Route reindex,ROUTE-WIRE,Grant-to-route wiring,"p ∈ {0,1,2}",Evaluate all 6 bijections p→q on actual first-stage outputs,"q=2-p, i.e. 210 reversal, is the only bijection preserving permutation-valued regenerated surfaces for all p",exact finite enumeration,Family is conditional on the already-earned route representation.,Engine B,Results & Observations,
data_row,Route reindex,ROUTE-WIRE-0,p=0,q=2-p,Direct evaluation,q=2,derived,,Engine A/B,Results & Observations,
data_row,Route reindex,ROUTE-WIRE-1,p=1,q=2-p,Direct evaluation,q=1,derived,,Engine A/B,Results & Observations,
data_row,Route reindex,ROUTE-WIRE-2,p=2,q=2-p,Direct evaluation,q=0,derived,,Engine A/B,Results & Observations,
data_row,Q3 route table,Q3-0,q0,Completed Q3 row,Insert registration/self index between fixed outer routes,102; transposition,derived exact table,Rows are permutations; q2 is the unique fixed-point-free row in the reconstructed table.,Experiment 139 / Engine A,Results & Observations,
data_row,Q3 route table,Q3-1,q1,Completed Q3 row,Insert registration/self index between fixed outer routes,012; identity,derived exact table,Rows are permutations; q2 is the unique fixed-point-free row in the reconstructed table.,Experiment 139 / Engine A,Results & Observations,
data_row,Q3 route table,Q3-2,q2,Completed Q3 row,Insert registration/self index between fixed outer routes,120; 3-cycle / derangement,derived exact table,Rows are permutations; q2 is the unique fixed-point-free row in the reconstructed table.,Experiment 139 / Engine A,Results & Observations,
summary,Q3 route table,Q3-FAMILY,Sibling-family uniqueness,Eight self-labelled permutation-table completions in the bounded route family,Test full S3 cycle spectrum + q2 uniquely deranged,Only the real 102/012/120 table satisfies both properties,exact finite enumeration,Do not generalize beyond the declared eight-member family.,Engine B,Results & Observations,
data_row,Q3 route table,Q3-NEAR-MISS,Cheapest route near-miss,Nearby self-labelled route table,Retain q2=120 and unique derangement but alter q1,102 / 210 / 120,adversarial alternative,Loses full S3 cycle spectrum because q0 and q1 are both transpositions.,Experiment 163,Results & Observations,
summary,Direct selector universe,SEL-SUM-1,All direct selectors,Nine cells; each chooses one of three source depths from 112/002/100,Enumerate all 3^9 selector fields,"19,683 total selector fields; 64 distinct binary terminal surfaces",exact finite enumeration,,Experiment 159,Results & Observations,
summary,Direct selector universe,SEL-SUM-2,Legal selector outputs,Ordinary column-one-hot legality,"Filter all 19,683 selectors","3,375 selectors legal; 8 distinct legal ternary payloads",exact finite enumeration,,Experiment 159,Results & Observations,
data_row,Direct selector universe,PAYLOAD-102,102,Legal ternary payload,Count exact selector preimages,1728,exact finite enumeration,Selector multiplicity within the unconstrained 3^9 direct-selector universe.,Experiment 159,Results & Observations,
data_row,Direct selector universe,PAYLOAD-112,112,Legal ternary payload,Count exact selector preimages,432,exact finite enumeration,Selector multiplicity within the unconstrained 3^9 direct-selector universe.,Experiment 159,Results & Observations,
data_row,Direct selector universe,PAYLOAD-100,100,Legal ternary payload,Count exact selector preimages,432,exact finite enumeration,Selector multiplicity within the unconstrained 3^9 direct-selector universe.,Experiment 159,Results & Observations,
data_row,Direct selector universe,PAYLOAD-002,002,Legal ternary payload,Count exact selector preimages,432,exact finite enumeration,Selector multiplicity within the unconstrained 3^9 direct-selector universe.,Experiment 159,Results & Observations,
data_row,Direct selector universe,PAYLOAD-110,110,Legal ternary payload,Count exact selector preimages,108,exact finite enumeration,Selector multiplicity within the unconstrained 3^9 direct-selector universe.,Experiment 159,Results & Observations,
data_row,Direct selector universe,PAYLOAD-012,012,Legal ternary payload,Count exact selector preimages,108,exact finite enumeration,Selector multiplicity within the unconstrained 3^9 direct-selector universe.,Experiment 159,Results & Observations,
data_row,Direct selector universe,PAYLOAD-000,000,Legal ternary payload,Count exact selector preimages,108,exact finite enumeration,Selector multiplicity within the unconstrained 3^9 direct-selector universe.,Experiment 159,Results & Observations,
data_row,Direct selector universe,PAYLOAD-010,010,Legal ternary payload,Count exact selector preimages,27,exact finite enumeration,Selector multiplicity within the unconstrained 3^9 direct-selector universe.,Experiment 159,Results & Observations,
summary,Direct selector universe,SEL-LOOPLESS,Unique loopless legal payload,Interpret legal payload as column→minority-row function,Test fixed points for all 8 reachable legal payloads,"100 is the only loopless payload; exactly 432 legal selectors yield a loopless output, all 432 yield 100",exact finite enumeration,"Conditional legal-selector frequency 432/3375=0.128 is descriptive, not an authorship probability.",Experiment 159,Results & Observations,
summary,Observed Q4 scaffold,SEL-Q4-OBS,Current observed Q4 scaffold plus depth-one-slash grammar,36 allowed selector fields,Apply direct diagonal source stack and ordinary one-hot legality,16 are legal; all 16 produce terminal 100,exact finite enumeration,This shows what the observed scaffold buys; it does not make source-frame sinks rare in the unconstrained universe.,Experiment 159,Results & Observations,
summary,Recursive selector family,DEFECT-1,Single-defect selector-core parent family,"6 permutation baselines × 2 replacement trits at each of A,D,G",Enumerate 6×2^3,48 ordered three-state defect families,declared parent family,,Engine B,Results & Observations,
summary,Recursive selector family,DEFECT-2,Canonicalizing defect families,48-family universe,Require all three hidden states to converge to one common legal endpoint,4/48 canonicalize; all four land on 100,exact finite enumeration,,Engine B,Results & Observations,
summary,Recursive selector family,DEFECT-3,Baseline-210 survivors,Fix permutation baseline 210,Filter the 48-family universe,2 survivors: real 110/220/212 and sibling 110/220/211,exact finite enumeration,"Observed G∈{0,2} kills the 211 sibling because it requires G=1.",Engine B / Experiment 163,Results & Observations,
summary,Nearby-machine universe,MDL-1,Synthetic Cartesian parent family,324 control relations × 6 p→q bijections × 8 route tables × 48 defect families,Cartesian product,"746,496 abstract machines",MDL bookkeeping,Modules share data and were recognized adaptively.,Engine B,Results & Observations,
summary,Nearby-machine universe,MDL-2,Label-invariant fingerprint survivors,Require arbiter-shaped control + unique permutation-preserving wire + route cycle signature + canonicalizing selector,Count survivors in declared synthetic grammar,"24 survivors; density 24/746,496 = 1/31,104; compression ≈14.925 bits",MDL/code-space result,NOT a p-value or probability of intentional authorship.,Engine B,Results & Observations,
summary,Nearby-machine universe,MDL-3,Exact physical-label member,Require exact physical labels and exact observed defect family,"Identify one member in 746,496 universe","1 abstract member; identification cost log2(746,496)≈19.510 bits",MDL bookkeeping,Still not an authorship probability.,Engine B,Results & Observations,
data_row,Typed transducer state layers,STATE-P,P,Formal state layer,Exact constrained reconstruction,"14: physical (x,y,p,g) completions",formal model,,Engine A,Results & Observations,
data_row,Typed transducer state layers,STATE-F,F,Formal state layer,Exact constrained reconstruction,7: after quotienting C gauge g,formal model,,Engine A,Results & Observations,
data_row,Typed transducer state layers,STATE-C,C,Formal state layer,Exact constrained reconstruction,"5: legal (X,Y,p) request/grant states",formal model,,Engine A,Results & Observations,
data_row,Typed transducer state layers,STATE-R,R,Formal state layer,Exact constrained reconstruction,3: routed q states / completed-Q3 rows,formal model,,Engine A,Results & Observations,
data_row,Typed transducer state layers,STATE-T,T,Formal state layer,Exact constrained reconstruction,1: terminal 100/frame9,formal model,,Engine A,Results & Observations,
summary,Typed transducer state layers,STATE-CHAIN,Information compression ladder,P→F→C→R→T,Track which distinctions are quotient/projection/canonicalization operations,14 → 7 → 5 → 3 → 1,formal model,Do not call every arrow a quotient; 5→3 is a projection after grant selection.,Engine A,Results & Observations,
summary,Observer channel,OBSERVER-1,Frozen observer remains injective,14 physical completions,Evaluate frozen pointer/readout map,14 → 14 distinct readouts,formal model,Observer can retain distinctions the causal path discards.,Engine A,Results & Observations,
summary,Route algebra,S3-1,Exact route-layer group,Q1/Q2 opposite 3-cycles + Q3 transposition/identity structure,Compose route permutations,Generates S3 / D3 triangle symmetry,formal route algebra,"Applies to route layer only, not the whole typed machine.",Engine A,Results & Observations,
data_row,20-cell short witness,SHORT-P-01,Residue 2,Diagonal primary witness,"One of 12 primary residues needed to reconstruct frames 1,5,9",included,exact staged witness,,Experiment 165,Results & Observations,
data_row,20-cell short witness,SHORT-P-02,Residue 3,Diagonal primary witness,"One of 12 primary residues needed to reconstruct frames 1,5,9",included,exact staged witness,,Experiment 165,Results & Observations,
data_row,20-cell short witness,SHORT-P-03,Residue 4,Diagonal primary witness,"One of 12 primary residues needed to reconstruct frames 1,5,9",included,exact staged witness,,Experiment 165,Results & Observations,
data_row,20-cell short witness,SHORT-P-04,Residue 5,Diagonal primary witness,"One of 12 primary residues needed to reconstruct frames 1,5,9",included,exact staged witness,,Experiment 165,Results & Observations,
data_row,20-cell short witness,SHORT-P-05,Residue 37,Diagonal primary witness,"One of 12 primary residues needed to reconstruct frames 1,5,9",included,exact staged witness,,Experiment 165,Results & Observations,
data_row,20-cell short witness,SHORT-P-06,Residue 38,Diagonal primary witness,"One of 12 primary residues needed to reconstruct frames 1,5,9",included,exact staged witness,,Experiment 165,Results & Observations,
data_row,20-cell short witness,SHORT-P-07,Residue 39,Diagonal primary witness,"One of 12 primary residues needed to reconstruct frames 1,5,9",included,exact staged witness,,Experiment 165,Results & Observations,
data_row,20-cell short witness,SHORT-P-08,Residue 42,Diagonal primary witness,"One of 12 primary residues needed to reconstruct frames 1,5,9",included,exact staged witness,,Experiment 165,Results & Observations,
data_row,20-cell short witness,SHORT-P-09,Residue 74,Diagonal primary witness,"One of 12 primary residues needed to reconstruct frames 1,5,9",included,exact staged witness,,Experiment 165,Results & Observations,
data_row,20-cell short witness,SHORT-P-10,Residue 75,Diagonal primary witness,"One of 12 primary residues needed to reconstruct frames 1,5,9",included,exact staged witness,,Experiment 165,Results & Observations,
data_row,20-cell short witness,SHORT-P-11,Residue 76,Diagonal primary witness,"One of 12 primary residues needed to reconstruct frames 1,5,9",included,exact staged witness,,Experiment 165,Results & Observations,
data_row,20-cell short witness,SHORT-P-12,Residue 79,Diagonal primary witness,"One of 12 primary residues needed to reconstruct frames 1,5,9",included,exact staged witness,,Experiment 165,Results & Observations,
data_row,20-cell short witness,SHORT-Q4-01,Residue 85,Q4 witness,Seven cells identify depth-one-slash sibling; residue 85 completes the direct terminal witness,included,exact staged witness,,Experiment 165,Results & Observations,
data_row,20-cell short witness,SHORT-Q4-02,Residue 89,Q4 witness,Seven cells identify depth-one-slash sibling; residue 85 completes the direct terminal witness,included,exact staged witness,,Experiment 165,Results & Observations,
data_row,20-cell short witness,SHORT-Q4-03,Residue 92,Q4 witness,Seven cells identify depth-one-slash sibling; residue 85 completes the direct terminal witness,included,exact staged witness,,Experiment 165,Results & Observations,
data_row,20-cell short witness,SHORT-Q4-04,Residue 95,Q4 witness,Seven cells identify depth-one-slash sibling; residue 85 completes the direct terminal witness,included,exact staged witness,,Experiment 165,Results & Observations,
data_row,20-cell short witness,SHORT-Q4-05,Residue 97,Q4 witness,Seven cells identify depth-one-slash sibling; residue 85 completes the direct terminal witness,included,exact staged witness,,Experiment 165,Results & Observations,
data_row,20-cell short witness,SHORT-Q4-06,Residue 98,Q4 witness,Seven cells identify depth-one-slash sibling; residue 85 completes the direct terminal witness,included,exact staged witness,,Experiment 165,Results & Observations,
data_row,20-cell short witness,SHORT-Q4-07,Residue 101,Q4 witness,Seven cells identify depth-one-slash sibling; residue 85 completes the direct terminal witness,included,exact staged witness,,Experiment 165,Results & Observations,
data_row,20-cell short witness,SHORT-Q4-08,Residue 108,Q4 witness,Seven cells identify depth-one-slash sibling; residue 85 completes the direct terminal witness,included,exact staged witness,,Experiment 165,Results & Observations,
summary,20-cell short witness,SHORT-SUM,Short human endpoint proof,12 diagonal-primary residues + 8 Q4 residues,Local registered-frame reconstruction + native Q4 sibling selection + direct diagonal-stack legality,20 observed H108 residues,minimum within the stated staged grammar,Not claimed as a global minimum over every conceivable proof system.,Experiment 165,Results & Observations,
data_row,43-cell full-machine witness,FULL43-01,Residue 2,Exact staged witness,Included in 35-cell primary witness or 8-cell Q4 witness,included,exact staged witness,,Experiment 165,Results & Observations,
data_row,43-cell full-machine witness,FULL43-02,Residue 3,Exact staged witness,Included in 35-cell primary witness or 8-cell Q4 witness,included,exact staged witness,,Experiment 165,Results & Observations,
data_row,43-cell full-machine witness,FULL43-03,Residue 4,Exact staged witness,Included in 35-cell primary witness or 8-cell Q4 witness,included,exact staged witness,,Experiment 165,Results & Observations,
data_row,43-cell full-machine witness,FULL43-04,Residue 5,Exact staged witness,Included in 35-cell primary witness or 8-cell Q4 witness,included,exact staged witness,,Experiment 165,Results & Observations,
data_row,43-cell full-machine witness,FULL43-05,Residue 12,Exact staged witness,Included in 35-cell primary witness or 8-cell Q4 witness,included,exact staged witness,,Experiment 165,Results & Observations,
data_row,43-cell full-machine witness,FULL43-06,Residue 13,Exact staged witness,Included in 35-cell primary witness or 8-cell Q4 witness,included,exact staged witness,,Experiment 165,Results & Observations,
data_row,43-cell full-machine witness,FULL43-07,Residue 15,Exact staged witness,Included in 35-cell primary witness or 8-cell Q4 witness,included,exact staged witness,,Experiment 165,Results & Observations,
data_row,43-cell full-machine witness,FULL43-08,Residue 17,Exact staged witness,Included in 35-cell primary witness or 8-cell Q4 witness,included,exact staged witness,,Experiment 165,Results & Observations,
data_row,43-cell full-machine witness,FULL43-09,Residue 19,Exact staged witness,Included in 35-cell primary witness or 8-cell Q4 witness,included,exact staged witness,,Experiment 165,Results & Observations,
data_row,43-cell full-machine witness,FULL43-10,Residue 20,Exact staged witness,Included in 35-cell primary witness or 8-cell Q4 witness,included,exact staged witness,,Experiment 165,Results & Observations,
data_row,43-cell full-machine witness,FULL43-11,Residue 21,Exact staged witness,Included in 35-cell primary witness or 8-cell Q4 witness,included,exact staged witness,,Experiment 165,Results & Observations,
data_row,43-cell full-machine witness,FULL43-12,Residue 24,Exact staged witness,Included in 35-cell primary witness or 8-cell Q4 witness,included,exact staged witness,,Experiment 165,Results & Observations,
data_row,43-cell full-machine witness,FULL43-13,Residue 29,Exact staged witness,Included in 35-cell primary witness or 8-cell Q4 witness,included,exact staged witness,,Experiment 165,Results & Observations,
data_row,43-cell full-machine witness,FULL43-14,Residue 30,Exact staged witness,Included in 35-cell primary witness or 8-cell Q4 witness,included,exact staged witness,,Experiment 165,Results & Observations,
data_row,43-cell full-machine witness,FULL43-15,Residue 31,Exact staged witness,Included in 35-cell primary witness or 8-cell Q4 witness,included,exact staged witness,,Experiment 165,Results & Observations,
data_row,43-cell full-machine witness,FULL43-16,Residue 32,Exact staged witness,Included in 35-cell primary witness or 8-cell Q4 witness,included,exact staged witness,,Experiment 165,Results & Observations,
data_row,43-cell full-machine witness,FULL43-17,Residue 37,Exact staged witness,Included in 35-cell primary witness or 8-cell Q4 witness,included,exact staged witness,,Experiment 165,Results & Observations,
data_row,43-cell full-machine witness,FULL43-18,Residue 38,Exact staged witness,Included in 35-cell primary witness or 8-cell Q4 witness,included,exact staged witness,,Experiment 165,Results & Observations,
data_row,43-cell full-machine witness,FULL43-19,Residue 39,Exact staged witness,Included in 35-cell primary witness or 8-cell Q4 witness,included,exact staged witness,,Experiment 165,Results & Observations,
data_row,43-cell full-machine witness,FULL43-20,Residue 42,Exact staged witness,Included in 35-cell primary witness or 8-cell Q4 witness,included,exact staged witness,,Experiment 165,Results & Observations,
data_row,43-cell full-machine witness,FULL43-21,Residue 46,Exact staged witness,Included in 35-cell primary witness or 8-cell Q4 witness,included,exact staged witness,,Experiment 165,Results & Observations,
data_row,43-cell full-machine witness,FULL43-22,Residue 47,Exact staged witness,Included in 35-cell primary witness or 8-cell Q4 witness,included,exact staged witness,,Experiment 165,Results & Observations,
data_row,43-cell full-machine witness,FULL43-23,Residue 48,Exact staged witness,Included in 35-cell primary witness or 8-cell Q4 witness,included,exact staged witness,,Experiment 165,Results & Observations,
data_row,43-cell full-machine witness,FULL43-24,Residue 51,Exact staged witness,Included in 35-cell primary witness or 8-cell Q4 witness,included,exact staged witness,,Experiment 165,Results & Observations,
data_row,43-cell full-machine witness,FULL43-25,Residue 56,Exact staged witness,Included in 35-cell primary witness or 8-cell Q4 witness,included,exact staged witness,,Experiment 165,Results & Observations,
data_row,43-cell full-machine witness,FULL43-26,Residue 57,Exact staged witness,Included in 35-cell primary witness or 8-cell Q4 witness,included,exact staged witness,,Experiment 165,Results & Observations,
data_row,43-cell full-machine witness,FULL43-27,Residue 59,Exact staged witness,Included in 35-cell primary witness or 8-cell Q4 witness,included,exact staged witness,,Experiment 165,Results & Observations,
data_row,43-cell full-machine witness,FULL43-28,Residue 65,Exact staged witness,Included in 35-cell primary witness or 8-cell Q4 witness,included,exact staged witness,,Experiment 165,Results & Observations,
data_row,43-cell full-machine witness,FULL43-29,Residue 66,Exact staged witness,Included in 35-cell primary witness or 8-cell Q4 witness,included,exact staged witness,,Experiment 165,Results & Observations,
data_row,43-cell full-machine witness,FULL43-30,Residue 69,Exact staged witness,Included in 35-cell primary witness or 8-cell Q4 witness,included,exact staged witness,,Experiment 165,Results & Observations,
data_row,43-cell full-machine witness,FULL43-31,Residue 70,Exact staged witness,Included in 35-cell primary witness or 8-cell Q4 witness,included,exact staged witness,,Experiment 165,Results & Observations,
data_row,43-cell full-machine witness,FULL43-32,Residue 74,Exact staged witness,Included in 35-cell primary witness or 8-cell Q4 witness,included,exact staged witness,,Experiment 165,Results & Observations,
data_row,43-cell full-machine witness,FULL43-33,Residue 75,Exact staged witness,Included in 35-cell primary witness or 8-cell Q4 witness,included,exact staged witness,,Experiment 165,Results & Observations,
data_row,43-cell full-machine witness,FULL43-34,Residue 76,Exact staged witness,Included in 35-cell primary witness or 8-cell Q4 witness,included,exact staged witness,,Experiment 165,Results & Observations,
data_row,43-cell full-machine witness,FULL43-35,Residue 79,Exact staged witness,Included in 35-cell primary witness or 8-cell Q4 witness,included,exact staged witness,,Experiment 165,Results & Observations,
data_row,43-cell full-machine witness,FULL43-36,Residue 85,Exact staged witness,Included in 35-cell primary witness or 8-cell Q4 witness,included,exact staged witness,,Experiment 165,Results & Observations,
data_row,43-cell full-machine witness,FULL43-37,Residue 89,Exact staged witness,Included in 35-cell primary witness or 8-cell Q4 witness,included,exact staged witness,,Experiment 165,Results & Observations,
data_row,43-cell full-machine witness,FULL43-38,Residue 92,Exact staged witness,Included in 35-cell primary witness or 8-cell Q4 witness,included,exact staged witness,,Experiment 165,Results & Observations,
data_row,43-cell full-machine witness,FULL43-39,Residue 95,Exact staged witness,Included in 35-cell primary witness or 8-cell Q4 witness,included,exact staged witness,,Experiment 165,Results & Observations,
data_row,43-cell full-machine witness,FULL43-40,Residue 97,Exact staged witness,Included in 35-cell primary witness or 8-cell Q4 witness,included,exact staged witness,,Experiment 165,Results & Observations,
data_row,43-cell full-machine witness,FULL43-41,Residue 98,Exact staged witness,Included in 35-cell primary witness or 8-cell Q4 witness,included,exact staged witness,,Experiment 165,Results & Observations,
data_row,43-cell full-machine witness,FULL43-42,Residue 101,Exact staged witness,Included in 35-cell primary witness or 8-cell Q4 witness,included,exact staged witness,,Experiment 165,Results & Observations,
data_row,43-cell full-machine witness,FULL43-43,Residue 108,Exact staged witness,Included in 35-cell primary witness or 8-cell Q4 witness,included,exact staged witness,,Experiment 165,Results & Observations,
summary,43-cell full-machine witness,FULL43-SUM,Full current-machine staged witness,35 independently minimal local-primary observations + same 8-cell Q4 witness,Reconstruct local lattice; select depth-one-slash; run strong recursion + terminal legality,43 residues reproduce the exact modern 14-state family,minimum within staged local-reconstruction + native-Q4 proof,Not a universal global minimum.,Experiment 165,Results & Observations,
data_row,Deletion sensitivity,DEL-3,Residue 3=dash,Delete this one observation from the 65-residue master,Rerun fixed T + depth-selector + strong-recursion architecture,14 → 21 legal physical completions,conditional robustness result,Load-bearing under the fixed architecture; not independent authorship evidence.,Experiment 166,Results & Observations,
data_row,Deletion sensitivity,DEL-4,Residue 4=dash,Delete this one observation from the 65-residue master,Rerun fixed T + depth-selector + strong-recursion architecture,14 → 34 legal physical completions,conditional robustness result,Load-bearing under the fixed architecture; not independent authorship evidence.,Experiment 166,Results & Observations,
data_row,Deletion sensitivity,DEL-13,Residue 13=slash,Delete this one observation from the 65-residue master,Rerun fixed T + depth-selector + strong-recursion architecture,14 → 18 legal physical completions,conditional robustness result,Load-bearing under the fixed architecture; not independent authorship evidence.,Experiment 166,Results & Observations,
data_row,Deletion sensitivity,DEL-17,Residue 17=slash,Delete this one observation from the 65-residue master,Rerun fixed T + depth-selector + strong-recursion architecture,14 → 28 legal physical completions,conditional robustness result,Load-bearing under the fixed architecture; not independent authorship evidence.,Experiment 166,Results & Observations,
data_row,Deletion sensitivity,DEL-19,Residue 19=dash,Delete this one observation from the 65-residue master,Rerun fixed T + depth-selector + strong-recursion architecture,14 → 26 legal physical completions,conditional robustness result,Load-bearing under the fixed architecture; not independent authorship evidence.,Experiment 166,Results & Observations,
data_row,Deletion sensitivity,DEL-30,Residue 30=slash,Delete this one observation from the 65-residue master,Rerun fixed T + depth-selector + strong-recursion architecture,14 → 21 legal physical completions,conditional robustness result,Load-bearing under the fixed architecture; not independent authorship evidence.,Experiment 166,Results & Observations,
data_row,Deletion sensitivity,DEL-31,Residue 31=dash,Delete this one observation from the 65-residue master,Rerun fixed T + depth-selector + strong-recursion architecture,14 → 42 legal physical completions,conditional robustness result,Load-bearing under the fixed architecture; not independent authorship evidence.,Experiment 166,Results & Observations,
data_row,Deletion sensitivity,DEL-46,Residue 46=slash,Delete this one observation from the 65-residue master,Rerun fixed T + depth-selector + strong-recursion architecture,14 → 50 legal physical completions,conditional robustness result,Load-bearing under the fixed architecture; not independent authorship evidence.,Experiment 166,Results & Observations,
data_row,Deletion sensitivity,DEL-70,Residue 70=dash,Delete this one observation from the 65-residue master,Rerun fixed T + depth-selector + strong-recursion architecture,14 → 44 legal physical completions,conditional robustness result,Load-bearing under the fixed architecture; not independent authorship evidence.,Experiment 166,Results & Observations,
data_row,Deletion sensitivity,DEL-76,Residue 76=slash,Delete this one observation from the 65-residue master,Rerun fixed T + depth-selector + strong-recursion architecture,14 → 24 legal physical completions,conditional robustness result,Load-bearing under the fixed architecture; not independent authorship evidence.,Experiment 166,Results & Observations,
data_row,Deletion sensitivity,DEL-79,Residue 79=slash,Delete this one observation from the 65-residue master,Rerun fixed T + depth-selector + strong-recursion architecture,14 → 28 legal physical completions,conditional robustness result,Load-bearing under the fixed architecture; not independent authorship evidence.,Experiment 166,Results & Observations,
data_row,Deletion sensitivity,DEL-85,Residue 85=dot,Delete this one observation from the 65-residue master,Rerun fixed T + depth-selector + strong-recursion architecture,14 → 26 legal physical completions,conditional robustness result,Load-bearing under the fixed architecture; not independent authorship evidence.,Experiment 166,Results & Observations,
summary,Deletion sensitivity,DEL-SUM,Single-observation deletion result,Delete each of 65 occupied residues in turn,Rerun full current architecture,53 deletions leave exactly 14 completions; only 12 are individually load-bearing,conditional robustness result,,Experiment 166,Results & Observations,
data_row,Single-mutation sensitivity,FLIP-3,Flip residue 3,Primary slash↔dash; Q4 slash↔dot,Rerun fixed architecture,7 legal completions remain,conditional robustness result,All other 53 single flips produce zero legal completions.,Experiment 167,Results & Observations,
data_row,Single-mutation sensitivity,FLIP-4,Flip residue 4,Primary slash↔dash; Q4 slash↔dot,Rerun fixed architecture,20 legal completions remain,conditional robustness result,All other 53 single flips produce zero legal completions.,Experiment 167,Results & Observations,
data_row,Single-mutation sensitivity,FLIP-13,Flip residue 13,Primary slash↔dash; Q4 slash↔dot,Rerun fixed architecture,4 legal completions remain,conditional robustness result,All other 53 single flips produce zero legal completions.,Experiment 167,Results & Observations,
data_row,Single-mutation sensitivity,FLIP-17,Flip residue 17,Primary slash↔dash; Q4 slash↔dot,Rerun fixed architecture,14 legal completions remain,conditional robustness result,All other 53 single flips produce zero legal completions.,Experiment 167,Results & Observations,
data_row,Single-mutation sensitivity,FLIP-19,Flip residue 19,Primary slash↔dash; Q4 slash↔dot,Rerun fixed architecture,12 legal completions remain,conditional robustness result,All other 53 single flips produce zero legal completions.,Experiment 167,Results & Observations,
data_row,Single-mutation sensitivity,FLIP-30,Flip residue 30,Primary slash↔dash; Q4 slash↔dot,Rerun fixed architecture,7 legal completions remain,conditional robustness result,All other 53 single flips produce zero legal completions.,Experiment 167,Results & Observations,
data_row,Single-mutation sensitivity,FLIP-31,Flip residue 31,Primary slash↔dash; Q4 slash↔dot,Rerun fixed architecture,28 legal completions remain,conditional robustness result,All other 53 single flips produce zero legal completions.,Experiment 167,Results & Observations,
data_row,Single-mutation sensitivity,FLIP-46,Flip residue 46,Primary slash↔dash; Q4 slash↔dot,Rerun fixed architecture,36 legal completions remain,conditional robustness result,All other 53 single flips produce zero legal completions.,Experiment 167,Results & Observations,
data_row,Single-mutation sensitivity,FLIP-70,Flip residue 70,Primary slash↔dash; Q4 slash↔dot,Rerun fixed architecture,30 legal completions remain,conditional robustness result,All other 53 single flips produce zero legal completions.,Experiment 167,Results & Observations,
data_row,Single-mutation sensitivity,FLIP-76,Flip residue 76,Primary slash↔dash; Q4 slash↔dot,Rerun fixed architecture,10 legal completions remain,conditional robustness result,All other 53 single flips produce zero legal completions.,Experiment 167,Results & Observations,
data_row,Single-mutation sensitivity,FLIP-79,Flip residue 79,Primary slash↔dash; Q4 slash↔dot,Rerun fixed architecture,14 legal completions remain,conditional robustness result,All other 53 single flips produce zero legal completions.,Experiment 167,Results & Observations,
data_row,Single-mutation sensitivity,FLIP-85,Flip residue 85,Primary slash↔dash; Q4 slash↔dot,Rerun fixed architecture,12 legal completions remain,conditional robustness result,All other 53 single flips produce zero legal completions.,Experiment 167,Results & Observations,
summary,Single-mutation sensitivity,FLIP-SUM,Single flips,65 one-cell mutations,Rerun full architecture,53/65 produce zero legal completions; exactly the 12 deletion-load-bearing residues can flip to an alternate legal completion,conditional robustness result,,Experiment 167,Results & Observations,
summary,Double-mutation sensitivity,DOUBLE-SUM,All two-cell flips,"C(65,2)=2,080 mutation pairs",Rerun full architecture,"2,005 kill the architecture; 75 survive",conditional robustness result,65 survivors are pairs entirely among the 12 load-bearing residues; 10 are compensating pairs.,Experiment 167,Results & Observations,
data_row,Double-mutation sensitivity,COMP-01,4/7,Compensating two-residue mutation,Neither pattern should be treated as an intended correction code,Some legal alternate completion survives,conditional robustness result,,Experiment 167,Results & Observations,
data_row,Double-mutation sensitivity,COMP-02,10/13,Compensating two-residue mutation,Neither pattern should be treated as an intended correction code,Some legal alternate completion survives,conditional robustness result,,Experiment 167,Results & Observations,
data_row,Double-mutation sensitivity,COMP-03,30/96,Compensating two-residue mutation,Neither pattern should be treated as an intended correction code,Some legal alternate completion survives,conditional robustness result,,Experiment 167,Results & Observations,
data_row,Double-mutation sensitivity,COMP-04,37/40,Compensating two-residue mutation,Neither pattern should be treated as an intended correction code,Some legal alternate completion survives,conditional robustness result,,Experiment 167,Results & Observations,
data_row,Double-mutation sensitivity,COMP-05,37/43,Compensating two-residue mutation,Neither pattern should be treated as an intended correction code,Some legal alternate completion survives,conditional robustness result,,Experiment 167,Results & Observations,
data_row,Double-mutation sensitivity,COMP-06,38/44,Compensating two-residue mutation,Neither pattern should be treated as an intended correction code,Some legal alternate completion survives,conditional robustness result,,Experiment 167,Results & Observations,
data_row,Double-mutation sensitivity,COMP-07,48/96,Compensating two-residue mutation,Neither pattern should be treated as an intended correction code,Some legal alternate completion survives,conditional robustness result,,Experiment 167,Results & Observations,
data_row,Double-mutation sensitivity,COMP-08,57/60,Compensating two-residue mutation,Neither pattern should be treated as an intended correction code,Some legal alternate completion survives,conditional robustness result,,Experiment 167,Results & Observations,
data_row,Double-mutation sensitivity,COMP-09,65/71,Compensating two-residue mutation,Neither pattern should be treated as an intended correction code,Some legal alternate completion survives,conditional robustness result,,Experiment 167,Results & Observations,
data_row,Double-mutation sensitivity,COMP-10,75/81,Compensating two-residue mutation,Neither pattern should be treated as an intended correction code,Some legal alternate completion survives,conditional robustness result,,Experiment 167,Results & Observations,
data_row,Double-mutation sensitivity,LB-PAIR-FAIL,76/79,Pair among the 12 individually mutable load-bearing residues,Flip both simultaneously,Zero legal completions; the only one of 66 load-bearing-residue pairs that fails,conditional robustness result,,Experiment 167,Results & Observations,
data_row,13 unresolved state-register cells,REG-22,Residue 22,primary x register,Evaluate across all 14 physical completions,X=[x=2],derived exact register identity,,Experiment 194,Results & Observations,
data_row,13 unresolved state-register cells,REG-25,Residue 25,primary x complement,Evaluate across all 14 physical completions,NOT X,derived exact register identity,,Experiment 194,Results & Observations,
data_row,13 unresolved state-register cells,REG-55,Residue 55,primary y one-hot,Evaluate across all 14 physical completions,[y=0],derived exact register identity,,Experiment 194,Results & Observations,
data_row,13 unresolved state-register cells,REG-58,Residue 58,primary y one-hot,Evaluate across all 14 physical completions,[y=1],derived exact register identity,,Experiment 194,Results & Observations,
data_row,13 unresolved state-register cells,REG-61,Residue 61,primary y one-hot,Evaluate across all 14 physical completions,[y=2]=Y,derived exact register identity,,Experiment 194,Results & Observations,
data_row,13 unresolved state-register cells,REG-84,Residue 84,Q4 gauge,Evaluate across all 14 physical completions,[g=2],derived exact register identity,,Experiment 194,Results & Observations,
data_row,13 unresolved state-register cells,REG-102,Residue 102,Q4 gauge complement,Evaluate across all 14 physical completions,[g=0],derived exact register identity,,Experiment 194,Results & Observations,
data_row,13 unresolved state-register cells,REG-100,Residue 100,Q4 p register,Evaluate across all 14 physical completions,P0=[p=0],derived exact register identity,,Experiment 194,Results & Observations,
data_row,13 unresolved state-register cells,REG-91,Residue 91,Q4 p complement,Evaluate across all 14 physical completions,NOT P0=[p!=0],derived exact register identity,,Experiment 194,Results & Observations,
data_row,13 unresolved state-register cells,REG-94,Residue 94,Q4 p register,Evaluate across all 14 physical completions,P1=[p=1],derived exact register identity,,Experiment 194,Results & Observations,
data_row,13 unresolved state-register cells,REG-103,Residue 103,Q4 p complement,Evaluate across all 14 physical completions,NOT P1,derived exact register identity,,Experiment 194,Results & Observations,
data_row,13 unresolved state-register cells,REG-88,Residue 88,Q4 p register,Evaluate across all 14 physical completions,P2=[p=2],derived exact register identity,,Experiment 194,Results & Observations,
data_row,13 unresolved state-register cells,REG-106,Residue 106,Q4 p complement,Evaluate across all 14 physical completions,NOT P2,derived exact register identity,,Experiment 194,Results & Observations,
summary,Missing-residue atlas,MISS-STATE-SUM,Current unobserved residues under the machine,43 H108 residues currently unobserved,Evaluate every surviving physical completion,30 are forced to one symbol; 13 remain variable,derived from current model,Model-dependent; a future contradictory sticker would falsify/alter this completion family.,Experiment 168 / 194,Results & Observations,
summary,13 unresolved state-register cells,REG-SUM,Residual physical uncertainty,13 variable cells,Recognize complementary/one-hot state-register structure,"Exactly encodes X, one-hot y, gauge g, and one-hot p with complements; 14 legal physical states; log2(14)≈3.807 bits",derived exact normal form,Not an error-correcting code claim; minimum Hamming distance is 2.,Experiment 194,Results & Observations,
data_row,State-register checks,AFF-1,22 XOR 25 = 1,X complement,Evaluate across all 14 physical completions,holds for all 14,derived exact affine relation,Seven independent affine parity relations exist; five convenient basis relations listed here.,Experiment 194,Results & Observations,
data_row,State-register checks,AFF-2,55 XOR 58 XOR 61 = 1,y one-hot parity,Evaluate across all 14 physical completions,holds for all 14,derived exact affine relation,Seven independent affine parity relations exist; five convenient basis relations listed here.,Experiment 194,Results & Observations,
data_row,State-register checks,AFF-3,84 XOR 102 = 1,gauge complement,Evaluate across all 14 physical completions,holds for all 14,derived exact affine relation,Seven independent affine parity relations exist; five convenient basis relations listed here.,Experiment 194,Results & Observations,
data_row,State-register checks,AFF-4,91 XOR 100 = 1,P0 complement,Evaluate across all 14 physical completions,holds for all 14,derived exact affine relation,Seven independent affine parity relations exist; five convenient basis relations listed here.,Experiment 194,Results & Observations,
data_row,State-register checks,AFF-5,88 XOR 106 = 1,P2 complement,Evaluate across all 14 physical completions,holds for all 14,derived exact affine relation,Seven independent affine parity relations exist; five convenient basis relations listed here.,Experiment 194,Results & Observations,
data_row,State-register nonlinear legality,NONLIN-1,P0+P1+P2=1,ordinary one-hot p,Generate functional state relation,holds exactly on 7 functional states,derived exact relation,,Experiment 194,Results & Observations,
data_row,State-register nonlinear legality,NONLIN-2,P1=(NOT X) AND (NOT Y),idle iff neither request,Generate functional state relation,holds exactly on 7 functional states,derived exact relation,,Experiment 194,Results & Observations,
data_row,State-register nonlinear legality,NONLIN-3,P0 implies Y,left/Y grant requires Y,Generate functional state relation,holds exactly on 7 functional states,derived exact relation,,Experiment 194,Results & Observations,
data_row,State-register nonlinear legality,NONLIN-4,P2 implies X,right/X grant requires X,Generate functional state relation,holds exactly on 7 functional states,derived exact relation,,Experiment 194,Results & Observations,
data_row,State-register nonlinear legality,NONLIN-5,X=Y=1 permits P0 or P2,simultaneous requests admit either mutually exclusive side grant,Generate functional state relation,holds exactly on 7 functional states,derived exact relation,,Experiment 194,Results & Observations,
prediction,Prospective architecture tests,PRED-82,Residue 82,direct diagonal-stack mechanism,Freeze prediction before observing any new sticker at this residue,dot,prospective,No authenticated readable target observation was consumed in Experiment 193.,Experiment 193,Results & Observations,Any future authenticated sticker at serial r+108k directly tests this row.
prediction,Prospective architecture tests,PRED-93,Residue 93,strong recursive C-stack exclusion,Freeze prediction before observing any new sticker at this residue,dot,prospective,No authenticated readable target observation was consumed in Experiment 193.,Experiment 193,Results & Observations,Any future authenticated sticker at serial r+108k directly tests this row.
prediction,Prospective architecture tests,PRED-52,Residue 52,T-vs-R discriminator,Freeze prediction before observing any new sticker at this residue,dash under T; slash under old R full-row rival,prospective,No authenticated readable target observation was consumed in Experiment 193.,Experiment 193,Results & Observations,Any future authenticated sticker at serial r+108k directly tests this row.
prediction,Original Q4 frozen predictions,Q4-PRED-83,Residue 83,Exactly-one-slash depth-stack rule,Complete partially observed depth stack,dot,prospective/frozen,"Prediction value derives only from the Q4 one-slash rule, not the later full machine.",Q4 selector hypothesis,Results & Observations,
prediction,Original Q4 frozen predictions,Q4-PRED-87,Residue 87,Exactly-one-slash depth-stack rule,Complete partially observed depth stack,dot,prospective/frozen,"Prediction value derives only from the Q4 one-slash rule, not the later full machine.",Q4 selector hypothesis,Results & Observations,
prediction,Original Q4 frozen predictions,Q4-PRED-99,Residue 99,Exactly-one-slash depth-stack rule,Complete partially observed depth stack,dot,prospective/frozen,"Prediction value derives only from the Q4 one-slash rule, not the later full machine.",Q4 selector hypothesis,Results & Observations,
prediction,Original Q4 frozen predictions,Q4-PRED-104,Residue 104,Exactly-one-slash depth-stack rule,Complete partially observed depth stack,dot,prospective/frozen,"Prediction value derives only from the Q4 one-slash rule, not the later full machine.",Q4 selector hypothesis,Results & Observations,
prediction,Original Q4 frozen predictions,Q4-PRED-105,Residue 105,Exactly-one-slash depth-stack rule,Complete partially observed depth stack,dot,prospective/frozen,"Prediction value derives only from the Q4 one-slash rule, not the later full machine.",Q4 selector hypothesis,Results & Observations,
prediction,Original Q4 frozen predictions,Q4-PRED-107,Residue 107,Exactly-one-slash depth-stack rule,Complete partially observed depth stack,slash,prospective/frozen,"Prediction value derives only from the Q4 one-slash rule, not the later full machine.",Q4 selector hypothesis,Results & Observations,
data_row,Missing-residue information examples,INFO-84,Residue 84,7 slash / 7 dot,Treat 14 physical completions equally; compute Shannon information,1.000 bit physical; 1.000 bit about g; 0 about p; role=pure gauge,model-conditional information,Different targets answer different questions; there is no universal 'best missing sticker'.,Experiment 168,Results & Observations,
data_row,Missing-residue information examples,INFO-102,Residue 102,7 dot / 7 slash,Treat 14 physical completions equally; compute Shannon information,1.000 bit physical; pure gauge; role=pure gauge,model-conditional information,Different targets answer different questions; there is no universal 'best missing sticker'.,Experiment 168,Results & Observations,
data_row,Missing-residue information examples,INFO-88,Residue 88,8 slash / 6 dot,Treat 14 physical completions equally; compute Shannon information,0.985 bit physical; 0.985 bit about p; role=route-state,model-conditional information,Different targets answer different questions; there is no universal 'best missing sticker'.,Experiment 168,Results & Observations,
data_row,Missing-residue information examples,INFO-106,Residue 106,8 dot / 6 slash,Treat 14 physical completions equally; compute Shannon information,0.985 bit physical; 0.985 bit about p; role=route-state,model-conditional information,Different targets answer different questions; there is no universal 'best missing sticker'.,Experiment 168,Results & Observations,
timeline,Historical solvability,TIME-1,end 2020,Public sticker chronology,Map witness residues to earliest documented observations,H108 recoverable; primary registration heavily present; strong recursion leaves 56 historical joint states; Q4 native sibling still ambiguous,historical reconstruction,Distinguishes when evidence existed from when the current investigation recognized the structure.,Experiments 191-192,Results & Observations,
timeline,Historical solvability,TIME-2,2021-12-10,Public sticker chronology,Map witness residues to earliest documented observations,Residue 89 removes depth-one-dot; leaves depth-one-slash or column-one-slash,historical reconstruction,Distinguishes when evidence existed from when the current investigation recognized the structure.,Experiments 191-192,Results & Observations,
timeline,Historical solvability,TIME-3,2025-12-24,Public sticker chronology,Map witness residues to earliest documented observations,Residue 101 removes column-one-slash; 20-cell short endpoint witness becomes publicly complete,historical reconstruction,Distinguishes when evidence existed from when the current investigation recognized the structure.,Experiments 191-192,Results & Observations,
timeline,Historical solvability,TIME-4,2026-03-09,Public sticker chronology,Map witness residues to earliest documented observations,Residue 13 arrives; 43-cell staged full-machine witness becomes complete; exact 14-state family reconstructible,historical reconstruction,Distinguishes when evidence existed from when the current investigation recognized the structure.,Experiments 191-192,Results & Observations,
quarantine,Historical attractive readings,FALSE-1,XML,Previously noticed human-recognition pattern,Re-evaluate against the modern structural machine / MDL accounting,Requires C=1; recursive machine excludes C=1,structurally incompatible,Preserved because these are useful examples of how attractive patterns can arise.,Experiment 163 / Engine B,Results & Observations,
quarantine,Historical attractive readings,FALSE-2,MIX,Previously noticed human-recognition pattern,Re-evaluate against the modern structural machine / MDL accounting,One semantic completion among several; nothing selects it,unselected semantics,Preserved because these are useful examples of how attractive patterns can arise.,Experiment 163 / Engine B,Results & Observations,
quarantine,Historical attractive readings,FALSE-3,MISS,Previously noticed human-recognition pattern,Re-evaluate against the modern structural machine / MDL accounting,Pays unresolved Braille polarity; recursive second S is dependent,overcounted/underselected,Preserved because these are useful examples of how attractive patterns can arise.,Experiment 163 / Engine B,Results & Observations,
quarantine,Historical attractive readings,FALSE-4,621/648,Previously noticed human-recognition pattern,Re-evaluate against the modern structural machine / MDL accounting,Production-boundary numerology; no transition compression,no mechanism,Preserved because these are useful examples of how attractive patterns can arise.,Experiment 163 / Engine B,Results & Observations,
quarantine,Historical attractive readings,FALSE-5,self-indexing,Previously noticed human-recognition pattern,Re-evaluate against the modern structural machine / MDL accounting,Observer coincidence; no causal rule asks whether payload number equals frame number,non-causal coincidence,Preserved because these are useful examples of how attractive patterns can arise.,Experiment 163 / Engine B,Results & Observations,
caveat,Interpretation boundaries,CAVEAT-1,H108 semantics,,Apply when communicating results,"Recurrence is strong evidence for a repeating design/template phenomenon, not proof that 108 is itself semantic.",required qualification,,current operating directive / Engines A-C,Results & Observations,
caveat,Interpretation boundaries,CAVEAT-2,Coordinate semantics,,Apply when communicating results,"12×9 / 4×27 / 4×3×3×3 are natural coordinate systems, not proven authored semantic layers.",required qualification,,current operating directive / Engines A-C,Results & Observations,
caveat,Interpretation boundaries,CAVEAT-3,Authorship probability,,Apply when communicating results,"1/31,104 and 14.925 bits are MDL/code-space results, not probabilities of accidental or intentional authorship.",required qualification,,current operating directive / Engines A-C,Results & Observations,
caveat,Interpretation boundaries,CAVEAT-4,Closed-corpus architecture,,Apply when communicating results,Mutation/deletion and completion-family robustness are conditional on a model reconstructed from the same corpus.,required qualification,,current operating directive / Engines A-C,Results & Observations,
caveat,Interpretation boundaries,CAVEAT-5,Automata vocabulary,,Apply when communicating results,"The whole object is a typed transducer/quotient pipeline, not currently a strict synchronizing automaton or self-stabilizing system.",required qualification,,current operating directive / Engines A-C,Results & Observations,
caveat,Interpretation boundaries,CAVEAT-6,Error correction,,Apply when communicating results,"The system is erasure-tolerant and mutation-brittle under the reconstructed grammar, but is not established as a standard error-correcting code.",required qualification,,current operating directive / Engines A-C,Results & Observations,
caveat,Interpretation boundaries,CAVEAT-7,Semantic endpoint,,Apply when communicating results,Terminal 100 is structurally reconstructed; no downstream plaintext or lore answer is established.,required qualification,,current operating directive / Engines A-C,Results & Observations,
