sticker,residue_108,symbol,raw_file,edited_file,discovery_date,notes,unit,class
3,3,-,003.jpg,003.jpg,28.04.2020,edited available,1,C
336,12,-,336.jpg,,04.06.2020,raw only,2,C
21,21,-,021.png,021.jpg,06.04.2020,historical dash natural experiment; edited available,3,C
354,30,/,354.jpg,,09.05.2020,raw only,4,C
39,39,/,039.jpg,,09.04.2020,raw only,5,C
156,48,/,156.jpg,156.png,22.03.2020,edited available,6,C
597,57,-,597.png,,15.01.2020,raw only; iam8bit source,7,C
66,66,/,066.jpg,066.jpg,20.03.2020,edited available,8,C
282,66,/,282.jpg,,04.07.2020,raw only,8,C
183,75,-,183.jpg,,19.08.2020,raw only,9,C
