width,gap,glyph_count,offset,used_columns,known_bits_total,min_known_per_glyph,knowns_per_glyph
6,1,3,1,20,49,15,15 16 18
6,0,4,0,24,59,14,14 14 17 14
6,1,3,0,20,48,14,14 15 19
6,2,3,0,22,46,14,14 16 16
5,2,3,1,19,43,14,14 14 15
6,0,4,1,24,60,13,15 15 17 13
6,1,3,2,20,45,13,13 16 16
6,1,3,4,20,45,13,13 18 14
6,2,3,3,22,45,13,14 18 13
6,1,3,3,20,44,13,14 17 13
6,2,3,1,22,44,13,15 16 13
6,2,3,2,22,44,13,13 17 14
5,2,3,0,19,41,13,13 13 15
6,0,4,2,24,60,12,13 16 19 12
5,1,4,1,23,54,12,14 13 15 12
6,1,3,6,20,43,12,14 17 12
6,1,3,5,20,42,12,12 17 13
6,2,3,4,22,42,12,13 17 12
5,2,3,2,19,39,12,12 12 15
6,0,4,3,24,59,11,14 16 18 11
5,1,4,0,23,50,11,13 11 15 11
6,1,3,7,20,45,11,15 19 11
6,2,3,5,22,40,11,12 17 11
5,2,3,4,19,36,11,11 14 11
5,0,5,2,25,62,10,12 13 15 12 10
5,1,4,4,23,50,10,11 14 15 10
5,2,3,8,19,39,10,14 15 10
5,2,3,3,19,36,10,10 14 12
5,0,5,1,25,63,9,14 11 14 15 9
5,0,5,0,25,60,9,13 9 14 15 9
4,0,6,3,24,59,9,9 10 11 11 9 9
4,1,5,3,24,53,9,9 12 13 10 9
5,1,4,2,23,50,9,12 14 15 9
5,1,4,3,23,46,9,10 12 15 9
4,2,4,1,22,45,9,13 10 13 9
5,2,3,7,19,37,9,13 15 9
5,2,3,5,19,36,9,9 15 12
5,2,3,6,19,35,9,11 15 9
4,0,6,2,24,60,8,11 8 10 13 10 8
4,1,5,2,24,51,8,11 10 11 11 8
4,2,4,2,22,44,8,11 12 13 8
4,2,4,0,22,38,8,9 8 11 10
4,0,6,0,24,59,7,9 7 12 11 12 8
3,1,6,3,23,46,7,8 7 7 9 8 7
4,1,5,0,24,45,7,9 7 10 11 8
3,2,5,3,23,42,7,8 9 9 9 7
4,2,4,5,22,38,7,7 11 11 9
4,2,4,4,22,37,7,7 10 12 8
4,0,6,1,24,60,6,13 7 10 13 11 6
4,1,5,1,24,50,6,13 8 11 12 6
3,2,5,4,23,39,6,6 8 11 8 6
4,2,4,3,22,36,6,9 10 11 6
3,0,9,0,27,65,5,6 8 6 8 8 9 9 5 6
3,1,6,2,23,49,5,10 6 8 11 9 5
3,1,6,0,23,42,5,6 6 9 8 8 5
3,1,6,4,23,42,5,6 9 8 8 5 6
3,2,5,2,23,38,5,10 7 8 8 5
3,2,5,1,23,35,5,9 6 7 8 5
3,1,6,1,23,42,3,9 3 8 9 8 5
3,2,5,0,23,31,3,6 3 8 9 5
