residue,unit,quarter,class,symbol,observations,gray_inside,gray_outside_all,gray_annulus,gray_inside_minus_annulus,gray_inside_std,edge_inside,edge_outside_all,edge_annulus,edge_inside_minus_annulus,edge_inside_std,hp_inside,hp_outside_all,hp_annulus,hp_inside_minus_annulus,hp_inside_std,dir_gray_range,dir_gray_tv,dir_edge_mean,dir_edge_peak_fraction
2,1,1,B,/,1,0.19221244752407074,0.2341212034225464,0.22328758239746094,-0.031075134873390198,0.06779724359512329,0.059529341757297516,0.15697719156742096,0.15005847811698914,-0.09052913635969162,0.08760213106870651,0.007202309090644121,0.021657075732946396,0.019399892538785934,-0.012197583448141813,0.013488000258803368,0.223017156124115,0.006160137435746571,0.06009285192703828,0.25
3,1,1,C,-,1,0.28739133477211,0.3687587082386017,0.28193429112434387,0.005457043647766113,0.18826662003993988,0.04980625584721565,0.17682743072509766,0.17601017653942108,-0.12620392069220543,0.07290425896644592,0.005173084791749716,0.02344193495810032,0.022940993309020996,-0.01776790851727128,0.010845859535038471,0.580713779781945,0.009588477647094617,0.049805613976786844,0.25
4,1,1,D,-,2,0.35366562008857727,0.32646289467811584,0.3499780595302582,0.003687560558319092,0.04903613403439522,0.05805828794836998,0.33599913120269775,0.3394813537597656,-0.28142306581139565,0.10277362167835236,0.006871301215142012,0.04500666633248329,0.044107843190431595,-0.03723654197528958,0.015355094335973263,0.09268084168434143,0.004733508068417746,0.057453135843388736,0.25
5,1,1,E,/,1,0.6320676803588867,0.408957839012146,0.5236271619796753,0.10844051837921143,0.0721370130777359,0.07082124799489975,0.13316985964775085,0.13251623511314392,-0.06169498711824417,0.09409458935260773,0.008862936869263649,0.01777065172791481,0.015176710672676563,-0.006313773803412914,0.013346858322620392,0.13167345523834229,0.0036083081411936928,0.07122557709226385,0.25
7,1,1,G,/,1,0.4616621732711792,0.4787704348564148,0.4611571729183197,0.0005050003528594971,0.13722917437553406,0.17211617529392242,0.2395361363887787,0.204946368932724,-0.032830193638801575,0.15185591578483582,0.01920483261346817,0.03205057978630066,0.02524569071829319,-0.00604085810482502,0.023772509768605232,0.2007637321949005,0.010435971948835585,0.17276305344421417,0.25
9,1,1,I,/,1,0.48724275827407837,0.37217971682548523,0.4656454920768738,0.02159726619720459,0.14268819987773895,0.056495096534490585,0.22285045683383942,0.21257145702838898,-0.1560763604938984,0.07342016696929932,0.006148471962660551,0.029138972982764244,0.02716425620019436,-0.021015784237533808,0.009449212811887264,0.4870076924562454,0.007897589178312393,0.056535828509368,0.25
10,2,1,A,-,2,0.19508275389671326,0.2757989168167114,0.24370652437210083,-0.04862377047538757,0.09214244037866592,0.14074264466762543,0.34564629197120667,0.18429869413375854,-0.04355604946613312,0.22642630338668823,0.01856197416782379,0.04651623219251633,0.02452043443918228,-0.00595846027135849,0.03379179909825325,0.1842351034283638,0.007435126673607599,0.13644631137140095,0.25
12,2,1,C,-,2,0.28739133477211,0.3687587082386017,0.28193429112434387,0.005457043647766113,0.18826662003993988,0.04980625584721565,0.17682743072509766,0.17601017653942108,-0.12620392069220543,0.07290425896644592,0.005173084791749716,0.02344193495810032,0.022940993309020996,-0.01776790851727128,0.010845859535038471,0.580713779781945,0.009588477647094617,0.049805613976786844,0.25
13,2,1,D,/,1,0.3623122274875641,0.3248307406902313,0.3433428406715393,0.01896938681602478,0.08700563758611679,0.25929462909698486,0.300409197807312,0.25557762384414673,0.0037170052528381348,0.25066444277763367,0.03332572430372238,0.040332235395908356,0.03340427204966545,-7.854774594306946e-05,0.03877003863453865,0.18130341172218323,0.007374180214745658,0.2626360826252494,0.25
14,2,1,E,-,1,0.4447886645793915,0.44276484847068787,0.4340886175632477,0.010700047016143799,0.17423123121261597,0.07528753578662872,0.1322140246629715,0.07006359100341797,0.005223944783210754,0.1049339696764946,0.009154675528407097,0.017695536836981773,0.008459621109068394,0.0006950544193387032,0.011876323260366917,0.5174183696508408,0.015807795619207716,0.07450966973556206,0.25
15,2,1,F,/,3,0.5831396579742432,0.45744588971138,0.595718264579773,-0.012578606605529785,0.1152510717511177,0.18886905908584595,0.24558191001415253,0.22519312798976898,-0.036324068903923035,0.18393966555595398,0.02410852536559105,0.03338683396577835,0.02977069653570652,-0.005662171170115471,0.028393102809786797,0.25513437390327454,0.012094480650765555,0.18956407706718892,0.25
17,2,1,H,/,2,0.26953545212745667,0.27097442746162415,0.27120691537857056,-0.0016714632511138916,0.09344744682312012,0.13217559456825256,0.15511484444141388,0.15565156936645508,-0.023475974798202515,0.13861483335494995,0.017155738547444344,0.021947307512164116,0.020532315596938133,-0.0033765770494937897,0.021696610376238823,0.2511680871248245,0.010237074560589261,0.1372000253177248,0.25
18,2,1,I,-,2,0.4712340235710144,0.3753213882446289,0.4183814525604248,0.0528525710105896,0.19965335726737976,0.19449664652347565,0.19793371856212616,0.19092683494091034,0.0035698115825653076,0.1755281537771225,0.024669606238603592,0.02579316683113575,0.024516282603144646,0.00015332363545894623,0.02730919048190117,0.5916929394006729,0.012285756922903516,0.19369825697503984,0.25
19,3,1,A,-,1,0.19508275389671326,0.2757989168167114,0.24370652437210083,-0.04862377047538757,0.09214244037866592,0.14074264466762543,0.34564629197120667,0.18429869413375854,-0.04355604946613312,0.22642630338668823,0.01856197416782379,0.04651623219251633,0.02452043443918228,-0.00595846027135849,0.03379179909825325,0.1842351034283638,0.007435126673607599,0.13644631137140095,0.25
20,3,1,B,/,1,0.19221244752407074,0.2341212034225464,0.22328758239746094,-0.031075134873390198,0.06779724359512329,0.059529341757297516,0.15697719156742096,0.15005847811698914,-0.09052913635969162,0.08760213106870651,0.007202309090644121,0.021657075732946396,0.019399892538785934,-0.012197583448141813,0.013488000258803368,0.223017156124115,0.006160137435746571,0.06009285192703828,0.25
21,3,1,C,-,1,0.28739133477211,0.3687587082386017,0.28193429112434387,0.005457043647766113,0.18826662003993988,0.04980625584721565,0.17682743072509766,0.17601017653942108,-0.12620392069220543,0.07290425896644592,0.005173084791749716,0.02344193495810032,0.022940993309020996,-0.01776790851727128,0.010845859535038471,0.580713779781945,0.009588477647094617,0.049805613976786844,0.25
23,3,1,E,-,1,0.4447886645793915,0.44276484847068787,0.4340886175632477,0.010700047016143799,0.17423123121261597,0.07528753578662872,0.1322140246629715,0.07006359100341797,0.005223944783210754,0.1049339696764946,0.009154675528407097,0.017695536836981773,0.008459621109068394,0.0006950544193387032,0.011876323260366917,0.5174183696508408,0.015807795619207716,0.07450966973556206,0.25
24,3,1,F,-,1,0.5861883163452148,0.45723477005958557,0.5508994460105896,0.035288870334625244,0.09410442411899567,0.08253802359104156,0.26429542899131775,0.21885615587234497,-0.1363181322813034,0.122547946870327,0.009120742790400982,0.03602121025323868,0.028310125693678856,-0.019189382903277874,0.017548980191349983,0.2329796850681305,0.011576903717858451,0.08248574557364918,0.25
26,3,1,H,-,1,0.24633601307868958,0.27508604526519775,0.27196529507637024,-0.025629281997680664,0.10971478372812271,0.08013912290334702,0.16428552567958832,0.12634949386119843,-0.04621037095785141,0.12349775433540344,0.010144622065126896,0.023178458213806152,0.0170136671513319,-0.006869045086205006,0.01845688186585903,0.1015130877494812,0.006528845382115197,0.07953238039044663,0.25
29,4,2,B,/,1,0.19221244752407074,0.2341212034225464,0.22328758239746094,-0.031075134873390198,0.06779724359512329,0.059529341757297516,0.15697719156742096,0.15005847811698914,-0.09052913635969162,0.08760213106870651,0.007202309090644121,0.021657075732946396,0.019399892538785934,-0.012197583448141813,0.013488000258803368,0.223017156124115,0.006160137435746571,0.06009285192703828,0.25
30,4,2,C,/,1,0.33135178685188293,0.36103835701942444,0.3384806513786316,-0.007128864526748657,0.0853998064994812,0.1820867657661438,0.15328636765480042,0.18168793618679047,0.0003988295793533325,0.16785402595996857,0.02278408221900463,0.020311394706368446,0.02278141863644123,2.6635825634002686e-06,0.026815982535481453,0.23019513487815857,0.007467690914396256,0.18268507154425606,0.25
31,4,2,D,-,1,0.35366562008857727,0.32646289467811584,0.3499780595302582,0.003687560558319092,0.04903613403439522,0.05805828794836998,0.33599913120269775,0.3394813537597656,-0.28142306581139565,0.10277362167835236,0.006871301215142012,0.04500666633248329,0.044107843190431595,-0.03723654197528958,0.015355094335973263,0.09268084168434143,0.004733508068417746,0.057453135843388736,0.25
32,4,2,E,/,2,0.6320676803588867,0.408957839012146,0.5236271619796753,0.10844051837921143,0.0721370130777359,0.07082124799489975,0.13316985964775085,0.13251623511314392,-0.06169498711824417,0.09409458935260773,0.008862936869263649,0.01777065172791481,0.015176710672676563,-0.006313773803412914,0.013346858322620392,0.13167345523834229,0.0036083081411936928,0.07122557709226385,0.25
36,4,2,I,/,1,0.48724275827407837,0.37217971682548523,0.4656454920768738,0.02159726619720459,0.14268819987773895,0.056495096534490585,0.22285045683383942,0.21257145702838898,-0.1560763604938984,0.07342016696929932,0.006148471962660551,0.029138972982764244,0.02716425620019436,-0.021015784237533808,0.009449212811887264,0.4870076924562454,0.007897589178312393,0.056535828509368,0.25
37,5,2,A,-,2,0.19508275389671326,0.2757989168167114,0.24370652437210083,-0.04862377047538757,0.09214244037866592,0.14074264466762543,0.34564629197120667,0.18429869413375854,-0.04355604946613312,0.22642630338668823,0.01856197416782379,0.04651623219251633,0.02452043443918228,-0.00595846027135849,0.03379179909825325,0.1842351034283638,0.007435126673607599,0.13644631137140095,0.25
38,5,2,B,/,3,0.19221244752407074,0.2341212034225464,0.22328758239746094,-0.031075134873390198,0.06779724359512329,0.059529341757297516,0.15697719156742096,0.15005847811698914,-0.09052913635969162,0.08760213106870651,0.007202309090644121,0.021657075732946396,0.019399892538785934,-0.012197583448141813,0.013488000258803368,0.223017156124115,0.006160137435746571,0.06009285192703828,0.25
39,5,2,C,/,1,0.33135178685188293,0.36103835701942444,0.3384806513786316,-0.007128864526748657,0.0853998064994812,0.1820867657661438,0.15328636765480042,0.18168793618679047,0.0003988295793533325,0.16785402595996857,0.02278408221900463,0.020311394706368446,0.02278141863644123,2.6635825634002686e-06,0.026815982535481453,0.23019513487815857,0.007467690914396256,0.18268507154425606,0.25
40,5,2,D,/,1,0.3623122274875641,0.3248307406902313,0.3433428406715393,0.01896938681602478,0.08700563758611679,0.25929462909698486,0.300409197807312,0.25557762384414673,0.0037170052528381348,0.25066444277763367,0.03332572430372238,0.040332235395908356,0.03340427204966545,-7.854774594306946e-05,0.03877003863453865,0.18130341172218323,0.007374180214745658,0.2626360826252494,0.25
42,5,2,F,/,2,0.5831396579742432,0.45744588971138,0.595718264579773,-0.012578606605529785,0.1152510717511177,0.18886905908584595,0.24558191001415253,0.22519312798976898,-0.036324068903923035,0.18393966555595398,0.02410852536559105,0.03338683396577835,0.02977069653570652,-0.005662171170115471,0.028393102809786797,0.25513437390327454,0.012094480650765555,0.18956407706718892,0.25
43,5,2,G,/,1,0.4616621732711792,0.4787704348564148,0.4611571729183197,0.0005050003528594971,0.13722917437553406,0.17211617529392242,0.2395361363887787,0.204946368932724,-0.032830193638801575,0.15185591578483582,0.01920483261346817,0.03205057978630066,0.02524569071829319,-0.00604085810482502,0.023772509768605232,0.2007637321949005,0.010435971948835585,0.17276305344421417,0.25
44,5,2,H,-,1,0.24633601307868958,0.27508604526519775,0.27196529507637024,-0.025629281997680664,0.10971478372812271,0.08013912290334702,0.16428552567958832,0.12634949386119843,-0.04621037095785141,0.12349775433540344,0.010144622065126896,0.023178458213806152,0.0170136671513319,-0.006869045086205006,0.01845688186585903,0.1015130877494812,0.006528845382115197,0.07953238039044663,0.25
46,6,2,A,/,2,0.16206566989421844,0.28197038173675537,0.21730297803878784,-0.0552373081445694,0.0916987806558609,0.07201889157295227,0.3585890531539917,0.41382545232772827,-0.341806560754776,0.1243087649345398,0.008205195888876915,0.04845903068780899,0.055126845836639404,-0.04692164994776249,0.019143585115671158,0.23211132362484932,0.011156055780630263,0.0727262391592376,0.25
47,6,2,B,/,2,0.19221244752407074,0.2341212034225464,0.22328758239746094,-0.031075134873390198,0.06779724359512329,0.059529341757297516,0.15697719156742096,0.15005847811698914,-0.09052913635969162,0.08760213106870651,0.007202309090644121,0.021657075732946396,0.019399892538785934,-0.012197583448141813,0.013488000258803368,0.223017156124115,0.006160137435746571,0.06009285192703828,0.25
48,6,2,C,/,1,0.33135178685188293,0.36103835701942444,0.3384806513786316,-0.007128864526748657,0.0853998064994812,0.1820867657661438,0.15328636765480042,0.18168793618679047,0.0003988295793533325,0.16785402595996857,0.02278408221900463,0.020311394706368446,0.02278141863644123,2.6635825634002686e-06,0.026815982535481453,0.23019513487815857,0.007467690914396256,0.18268507154425606,0.25
51,6,2,F,-,2,0.5861883163452148,0.45723477005958557,0.5508994460105896,0.035288870334625244,0.09410442411899567,0.08253802359104156,0.26429542899131775,0.21885615587234497,-0.1363181322813034,0.122547946870327,0.009120742790400982,0.03602121025323868,0.028310125693678856,-0.019189382903277874,0.017548980191349983,0.2329796850681305,0.011576903717858451,0.08248574557364918,0.25
53,6,2,H,-,1,0.24633601307868958,0.27508604526519775,0.27196529507637024,-0.025629281997680664,0.10971478372812271,0.08013912290334702,0.16428552567958832,0.12634949386119843,-0.04621037095785141,0.12349775433540344,0.010144622065126896,0.023178458213806152,0.0170136671513319,-0.006869045086205006,0.01845688186585903,0.1015130877494812,0.006528845382115197,0.07953238039044663,0.25
56,7,3,B,/,1,0.19221244752407074,0.2341212034225464,0.22328758239746094,-0.031075134873390198,0.06779724359512329,0.059529341757297516,0.15697719156742096,0.15005847811698914,-0.09052913635969162,0.08760213106870651,0.007202309090644121,0.021657075732946396,0.019399892538785934,-0.012197583448141813,0.013488000258803368,0.223017156124115,0.006160137435746571,0.06009285192703828,0.25
57,7,3,C,-,1,0.28739133477211,0.3687587082386017,0.28193429112434387,0.005457043647766113,0.18826662003993988,0.04980625584721565,0.17682743072509766,0.17601017653942108,-0.12620392069220543,0.07290425896644592,0.005173084791749716,0.02344193495810032,0.022940993309020996,-0.01776790851727128,0.010845859535038471,0.580713779781945,0.009588477647094617,0.049805613976786844,0.25
59,7,3,E,/,1,0.6320676803588867,0.408957839012146,0.5236271619796753,0.10844051837921143,0.0721370130777359,0.07082124799489975,0.13316985964775085,0.13251623511314392,-0.06169498711824417,0.09409458935260773,0.008862936869263649,0.01777065172791481,0.015176710672676563,-0.006313773803412914,0.013346858322620392,0.13167345523834229,0.0036083081411936928,0.07122557709226385,0.25
60,7,3,F,/,1,0.5831396579742432,0.45744588971138,0.595718264579773,-0.012578606605529785,0.1152510717511177,0.18886905908584595,0.24558191001415253,0.22519312798976898,-0.036324068903923035,0.18393966555595398,0.02410852536559105,0.03338683396577835,0.02977069653570652,-0.005662171170115471,0.028393102809786797,0.25513437390327454,0.012094480650765555,0.18956407706718892,0.25
63,7,3,I,/,2,0.48724275827407837,0.37217971682548523,0.4656454920768738,0.02159726619720459,0.14268819987773895,0.056495096534490585,0.22285045683383942,0.21257145702838898,-0.1560763604938984,0.07342016696929932,0.006148471962660551,0.029138972982764244,0.02716425620019436,-0.021015784237533808,0.009449212811887264,0.4870076924562454,0.007897589178312393,0.056535828509368,0.25
65,8,3,B,/,1,0.19221244752407074,0.2341212034225464,0.22328758239746094,-0.031075134873390198,0.06779724359512329,0.059529341757297516,0.15697719156742096,0.15005847811698914,-0.09052913635969162,0.08760213106870651,0.007202309090644121,0.021657075732946396,0.019399892538785934,-0.012197583448141813,0.013488000258803368,0.223017156124115,0.006160137435746571,0.06009285192703828,0.25
66,8,3,C,/,2,0.33135178685188293,0.36103835701942444,0.3384806513786316,-0.007128864526748657,0.0853998064994812,0.1820867657661438,0.15328636765480042,0.18168793618679047,0.0003988295793533325,0.16785402595996857,0.02278408221900463,0.020311394706368446,0.02278141863644123,2.6635825634002686e-06,0.026815982535481453,0.23019513487815857,0.007467690914396256,0.18268507154425606,0.25
69,8,3,F,/,1,0.5831396579742432,0.45744588971138,0.595718264579773,-0.012578606605529785,0.1152510717511177,0.18886905908584595,0.24558191001415253,0.22519312798976898,-0.036324068903923035,0.18393966555595398,0.02410852536559105,0.03338683396577835,0.02977069653570652,-0.005662171170115471,0.028393102809786797,0.25513437390327454,0.012094480650765555,0.18956407706718892,0.25
70,8,3,G,-,1,0.46687403321266174,0.47780102491378784,0.41302546858787537,0.05384856462478638,0.24794237315654755,0.1912771761417389,0.23596027493476868,0.1967572271823883,-0.005480051040649414,0.1844506710767746,0.022250130772590637,0.03147667646408081,0.02437053807079792,-0.002120407298207283,0.029373735189437866,0.56939397752285,0.012731377804090106,0.19244678097311407,0.25
71,8,3,H,-,1,0.24633601307868958,0.27508604526519775,0.27196529507637024,-0.025629281997680664,0.10971478372812271,0.08013912290334702,0.16428552567958832,0.12634949386119843,-0.04621037095785141,0.12349775433540344,0.010144622065126896,0.023178458213806152,0.0170136671513319,-0.006869045086205006,0.01845688186585903,0.1015130877494812,0.006528845382115197,0.07953238039044663,0.25
72,8,3,I,-,1,0.4712340235710144,0.3753213882446289,0.4183814525604248,0.0528525710105896,0.19965335726737976,0.19449664652347565,0.19793371856212616,0.19092683494091034,0.0035698115825653076,0.1755281537771225,0.024669606238603592,0.02579316683113575,0.024516282603144646,0.00015332363545894623,0.02730919048190117,0.5916929394006729,0.012285756922903516,0.19369825697503984,0.25
74,9,3,B,-,1,0.22172115743160248,0.22877664864063263,0.2070181965827942,0.014702960848808289,0.05518556013703346,0.15294231474399567,0.14015088975429535,0.1609525829553604,-0.008010268211364746,0.15936550498008728,0.019869090989232063,0.01937217451632023,0.021158697083592415,-0.0012896060943603516,0.025185424834489822,0.06544177234172821,0.004392206905380128,0.15231749261147343,0.25
75,9,3,C,-,1,0.28739133477211,0.3687587082386017,0.28193429112434387,0.005457043647766113,0.18826662003993988,0.04980625584721565,0.17682743072509766,0.17601017653942108,-0.12620392069220543,0.07290425896644592,0.005173084791749716,0.02344193495810032,0.022940993309020996,-0.01776790851727128,0.010845859535038471,0.580713779781945,0.009588477647094617,0.049805613976786844,0.25
76,9,3,D,/,1,0.3623122274875641,0.3248307406902313,0.3433428406715393,0.01896938681602478,0.08700563758611679,0.25929462909698486,0.300409197807312,0.25557762384414673,0.0037170052528381348,0.25066444277763367,0.03332572430372238,0.040332235395908356,0.03340427204966545,-7.854774594306946e-05,0.03877003863453865,0.18130341172218323,0.007374180214745658,0.2626360826252494,0.25
78,9,3,F,/,1,0.5831396579742432,0.45744588971138,0.595718264579773,-0.012578606605529785,0.1152510717511177,0.18886905908584595,0.24558191001415253,0.22519312798976898,-0.036324068903923035,0.18393966555595398,0.02410852536559105,0.03338683396577835,0.02977069653570652,-0.005662171170115471,0.028393102809786797,0.25513437390327454,0.012094480650765555,0.18956407706718892,0.25
79,9,3,G,/,1,0.4616621732711792,0.4787704348564148,0.4611571729183197,0.0005050003528594971,0.13722917437553406,0.17211617529392242,0.2395361363887787,0.204946368932724,-0.032830193638801575,0.15185591578483582,0.01920483261346817,0.03205057978630066,0.02524569071829319,-0.00604085810482502,0.023772509768605232,0.2007637321949005,0.010435971948835585,0.17276305344421417,0.25
80,9,3,H,/,1,0.26953545212745667,0.27097442746162415,0.27120691537857056,-0.0016714632511138916,0.09344744682312012,0.13217559456825256,0.15511484444141388,0.15565156936645508,-0.023475974798202515,0.13861483335494995,0.017155738547444344,0.021947307512164116,0.020532315596938133,-0.0033765770494937897,0.021696610376238823,0.2511680871248245,0.010237074560589261,0.1372000253177248,0.25
81,9,3,I,/,1,0.48724275827407837,0.37217971682548523,0.4656454920768738,0.02159726619720459,0.14268819987773895,0.056495096534490585,0.22285045683383942,0.21257145702838898,-0.1560763604938984,0.07342016696929932,0.006148471962660551,0.029138972982764244,0.02716425620019436,-0.021015784237533808,0.009449212811887264,0.4870076924562454,0.007897589178312393,0.056535828509368,0.25
85,10,4,D,.,1,0.33914798498153687,0.32972899079322815,0.35013890266418457,-0.010990917682647705,0.05600788816809654,0.1193561851978302,0.311066210269928,0.24246540665626526,-0.12310922145843506,0.18895751237869263,0.015053964219987392,0.04160778596997261,0.03146284073591232,-0.01640887651592493,0.028186127543449402,0.08485451340675354,0.004038322539556594,0.11247701721731573,0.25
86,10,4,E,/,1,0.6320676803588867,0.408957839012146,0.5236271619796753,0.10844051837921143,0.0721370130777359,0.07082124799489975,0.13316985964775085,0.13251623511314392,-0.06169498711824417,0.09409458935260773,0.008862936869263649,0.01777065172791481,0.015176710672676563,-0.006313773803412914,0.013346858322620392,0.13167345523834229,0.0036083081411936928,0.07122557709226385,0.25
89,10,4,H,.,1,0.2732206881046295,0.2705153226852417,0.2704413831233978,0.0027793049812316895,0.11644762009382248,0.11430120468139648,0.15522433817386627,0.13664735853672028,-0.02234615385532379,0.152621790766716,0.015012385323643684,0.021816005930304527,0.017601942643523216,-0.002589557319879532,0.023210320621728897,0.03606826066970825,0.003021668820154099,0.11462462012423202,0.25
90,10,4,I,.,1,0.5031301379203796,0.37878239154815674,0.48760882019996643,0.015521317720413208,0.1308189183473587,0.12212248891592026,0.2047153264284134,0.19029396772384644,-0.06817147880792618,0.14735201001167297,0.015164835378527641,0.026637857779860497,0.024742329493165016,-0.009577494114637375,0.02154042012989521,0.399670273065567,0.006680775729436723,0.13157452252926305,0.25
92,11,4,B,.,1,0.2133944183588028,0.22910182178020477,0.2079254388809204,0.005468979477882385,0.04639475420117378,0.11665382981300354,0.1445429027080536,0.1690947562456131,-0.05244092643260956,0.15057829022407532,0.014668525196611881,0.019910303875803947,0.022396232932806015,-0.007727707736194134,0.023315701633691788,0.07265174388885498,0.0040750084888367425,0.13120907795382664,0.25
95,11,4,E,.,1,0.586101233959198,0.4292033016681671,0.45162901282310486,0.13447222113609314,0.1234295442700386,0.08313586562871933,0.12756367027759552,0.07355561852455139,0.009580247104167938,0.12290988862514496,0.009824106469750404,0.017047084867954254,0.009455167688429356,0.00036893878132104874,0.01329550240188837,0.3054995834827423,0.008654399996712095,0.0882144300849177,0.25
96,11,4,F,/,1,0.5831396579742432,0.45744588971138,0.595718264579773,-0.012578606605529785,0.1152510717511177,0.18886905908584595,0.24558191001415253,0.22519312798976898,-0.036324068903923035,0.18393966555595398,0.02410852536559105,0.03338683396577835,0.02977069653570652,-0.005662171170115471,0.028393102809786797,0.25513437390327454,0.012094480650765555,0.18956407706718892,0.25
97,11,4,G,.,1,0.4594566524028778,0.477773517370224,0.40821123123168945,0.051245421171188354,0.19561134278774261,0.1051718071103096,0.24125495553016663,0.23668378591537476,-0.13151197880506516,0.09848043322563171,0.009271043352782726,0.032104551792144775,0.02875889465212822,-0.019487851299345493,0.01326888520270586,0.5444174259901047,0.008759790942782448,0.10719208093360066,0.25
98,11,4,H,.,1,0.2732206881046295,0.2705153226852417,0.2704413831233978,0.0027793049812316895,0.11644762009382248,0.11430120468139648,0.15522433817386627,0.13664735853672028,-0.02234615385532379,0.152621790766716,0.015012385323643684,0.021816005930304527,0.017601942643523216,-0.002589557319879532,0.023210320621728897,0.03606826066970825,0.003021668820154099,0.11462462012423202,0.25
101,12,4,B,/,1,0.19221244752407074,0.2341212034225464,0.22328758239746094,-0.031075134873390198,0.06779724359512329,0.059529341757297516,0.15697719156742096,0.15005847811698914,-0.09052913635969162,0.08760213106870651,0.007202309090644121,0.021657075732946396,0.019399892538785934,-0.012197583448141813,0.013488000258803368,0.223017156124115,0.006160137435746571,0.06009285192703828,0.25
108,12,4,I,/,1,0.48724275827407837,0.37217971682548523,0.4656454920768738,0.02159726619720459,0.14268819987773895,0.056495096534490585,0.22285045683383942,0.21257145702838898,-0.1560763604938984,0.07342016696929932,0.006148471962660551,0.029138972982764244,0.02716425620019436,-0.021015784237533808,0.009449212811887264,0.4870076924562454,0.007897589178312393,0.056535828509368,0.25
