phase_shift,wrong_symbol_count,dots_in_first81,dashes_in_last27,q4_known,q4_slash,q4_dash,q4_dot
0,0,0,0,11,4,0,7
1,0,0,0,11,4,0,7
2,0,0,0,12,5,0,7
3,1,0,1,13,5,1,7
4,3,1,2,13,5,2,6
5,3,1,2,13,5,2,6
6,3,1,2,13,5,2,6
7,3,1,2,14,6,2,6
8,4,2,2,13,6,2,5
9,5,3,2,13,7,2,4
10,6,3,3,14,7,3,4
11,7,4,3,13,7,3,3
12,8,4,4,14,7,4,3
13,8,4,4,15,8,4,3
14,10,5,5,15,8,5,2
15,10,5,5,15,8,5,2
16,11,6,5,14,8,5,1
17,12,7,5,14,9,5,0
18,13,7,6,15,9,6,0
19,14,7,7,16,9,7,0
20,14,7,7,16,9,7,0
21,15,7,8,17,9,8,0
22,15,7,8,17,9,8,0
23,16,7,9,18,9,9,0
24,17,7,10,19,9,10,0
25,17,7,10,19,9,10,0
26,18,7,11,20,9,11,0
