operation,orientation,invert,dead_glyphs,singleton_glyphs,total_candidates,known_cells_after_operation,candidate_sets
data_and_notkey,6,True,0,2,33,47,BHMNUW0 | BW68 | W68 | BMN0 | W6 | AHMW689 | 6 | GQ08 | M
data_and_notkey,3,True,0,3,36,47,BEFMNRZ0 | EFMPR589 | E58 | BMN0 | E | BETZ358 | 2 | D08 | B
data_and_notkey,4,True,0,2,41,47,EFHKMNRUW0 | EFMPR589 | MP89 | EUW0 | M9 | HMPW4689 | 9 | D08 | W
and,7,True,0,1,51,41,BEHKMNRUWXZ0 | X2 | CDEGOQ058 | BUW0 | BZ | AFMPR29 | BEUWZ0 | ABDMNP03 | N
and,3,True,0,1,52,41,BEHKMNRUWXZ0 | XY | CDEGOQ058 | BMN0 | BZ | WY46 | BEMNRZ0 | BDUVW034678 | U
and,5,True,0,0,52,41,BEHKMNRUWXZ0 | KXY | BDGOQ0378 | EMNR0 | EZ | WY46 | BEMNRZ0 | CEGUVW05 | LU
and,0,True,0,1,54,41,BEHKMNRUWXZ0 | KXY | ADGMNOPQ089 | BUW0 | HKW | EFKR5 | BHMNUW0 | CEGUVW05 | L
and,1,True,0,1,57,41,BEHKMNRUWXZ0 | KRX2 | BDGOQ0378 | EUW0 | ERZ | AFMPR29 | BEUWZ0 | ACEGMNQR089 | N
key_and_notdata,1,True,0,1,51,40,P | B0 | FMNPR2 | P2 | ABGHMNQUW01689 | D0 | P2 | BEHKMNRUWXZ09 | BEISTZ358
key_and_notdata,6,True,0,1,55,40,59 | UW0 | EFKR5 | TY5 | BCEGILQUWZ068 | NUV0 | 5 | BEHKLMNRUWXZ026 | AHMPW4689
xor,0,True,0,1,79,23,ACGIQ1 | BGMN079 | CEFKLR5 | CI | BCEFGMNRSTZ0579 | DGNOQUV0 | S | BCEFGHJKMNRSTUVWXYZ01579 | AHMPW4689
xnor,0,False,0,1,79,23,ACGIQ1 | BGMN079 | CEFKLR5 | CI | BCEFGMNRSTZ0579 | DGNOQUV0 | S | BCEFGHJKMNRSTUVWXYZ01579 | AHMPW4689
xor,2,True,0,0,81,23,DFPTVY3457 | DELUW06 | BJ137 | TY37 | BDEIJLSUWZ036 | DGNOQUV0 | JS | ABDEFHIJKLMNPRSUWXZ0236 | AHMPW4689
xnor,2,False,0,0,81,23,DFPTVY3457 | DELUW06 | BJ137 | TY37 | BDEIJLSUWZ036 | DGNOQUV0 | JS | ABDEFHIJKLMNPRSUWXZ0236 | AHMPW4689
xor,5,True,0,1,82,23,DFPTVY3457 | BGMN079 | JLUVWY46 | VY4 | BGHJMNUVW0179 | CDGOQ07 | J | BCEFGHJKMNRSTUVWXYZ01579 | BEISTZ358
xnor,5,False,0,1,82,23,DFPTVY3457 | BGMN079 | JLUVWY46 | VY4 | BGHJMNUVW0179 | CDGOQ07 | J | BCEFGHJKMNRSTUVWXYZ01579 | BEISTZ358
data_and_notkey,0,True,1,2,25,47,BHMNUW09 | BM9 | M9 | BUW0 | M | HMW9 | ∅ | G0 | W
data_and_notkey,1,True,1,2,27,47,BEUWZ0 | BW68 | B8 | EUW0 | B | BEIZ8 | ∅ | GQ08 | E
data_and_notkey,7,True,1,3,27,47,BELUWZ06 | EW6 | E | BUW06 | E | BEISZ3 | ∅ | D0 | B
data_and_notkey,5,True,1,3,28,47,BEMNRZ09 | BM9 | B | EMNR09 | B | BESTZ5 | ∅ | G0 | E
data_and_notkey,2,True,1,2,31,47,EHKLMNRUW06 | EW6 | W6 | EMNR0 | W | AHMPW6 | ∅ | D0 | M
or,0,False,1,3,20,46,4 | ∅ | B | P34 | ADOPQ38 | B | 89 | DP3 | B1
or,1,False,1,2,20,46,5 | ∅ | W6 | TY5 | DJOV347 | W6 | S | V7 | W6
or,7,False,1,4,21,46,3 | ∅ | W | TY345 | CGOQV458 | W | 8 | V5 | W6
or,3,False,1,3,25,46,3 | ∅ | MR9 | AIP23 | ACGOQ | MR9 | S | A | FMPR29
or,2,False,1,2,26,46,A | ∅ | EFKR | A | CGOQV458 | EFKR | 68 | CG | EFKR
and,2,True,1,0,52,41,BEHKMNRUWXZ0 | X2 | DGOQUVW0468 | EMNR0 | HM | B13 | EHKMNRUW0 | ABDMNP03 | ∅
and,4,True,1,0,54,41,BEHKMNRUWXZ0 | XY | ADGMNOPQ089 | EUW0 | HW | B13 | EHKMNRUW0 | BDUVW034678 | ∅
and,6,True,1,0,58,41,BEHKMNRUWXZ0 | KRX2 | DGOQUVW0468 | BMN0 | HKMR | EFKR5 | BHMNUW0 | ACEGMNQR089 | ∅
key_and_notdata,2,True,1,1,46,40,∅ | UW0 | B7 | TY | BDEIJLSUWZ036 | NUV0 | 7 | BEHKMNRUWXZ0 | AHMPW4689
key_and_notdata,4,True,1,2,49,40,6 | MN0 | B | I2 | BDEFMNPRTZ0235789 | NU0 | ∅ | BEHKMNRUWXZ09 | AHMPW4689
xor,5,False,1,1,41,23,ACGIQ1 | L | AFMNPR29 | ACGIQ | IL2 | HKX1 | 89 | ADILOPQ23468 | ∅
xnor,5,True,1,1,41,23,ACGIQ1 | L | AFMNPR29 | ACGIQ | IL2 | HKX1 | 89 | ADILOPQ23468 | ∅
xor,4,False,1,1,42,23,CGTVY1579 | J1 | CEFKLR5 | CGV59 | J1 | ISTXYZ2 | F | ACGIJOQS1 | ∅
xor,6,False,1,2,42,23,ADILP236 | F | BJ137 | ADP36 | FP | ISTXYZ2 | J | DFJOPSTVY3457 | ∅
xnor,4,True,1,1,42,23,CGTVY1579 | J1 | CEFKLR5 | CGV59 | J1 | ISTXYZ2 | F | ACGIJOQS1 | ∅
xnor,6,True,1,2,42,23,ADILP236 | F | BJ137 | ADP36 | FP | ISTXYZ2 | J | DFJOPSTVY3457 | ∅
xor,2,False,1,1,43,23,ACGIQ1 | 1 | CEFKLR5 | ACGQ | 19 | ISTXYZ2 | L68 | CGOQTVY145789 | ∅
xor,3,False,1,0,43,23,ADILP236 | J1 | AFMNPR29 | ADIP23 | IJS1 | HKX1 | FS | ACGIJOQS1 | ∅
xnor,2,True,1,1,43,23,ACGIQ1 | 1 | CEFKLR5 | ACGQ | 19 | ISTXYZ2 | L68 | CGOQTVY145789 | ∅
xnor,3,True,1,0,43,23,ADILP236 | J1 | AFMNPR29 | ADIP23 | IJS1 | HKX1 | FS | ACGIJOQS1 | ∅
xor,0,False,1,1,46,23,DFPTVY3457 | L | BJ137 | DPV347 | L46 | ISTXYZ2 | 89 | ADILOPQ23468 | ∅
xnor,0,True,1,1,46,23,DFPTVY3457 | L | BJ137 | DPV347 | L46 | ISTXYZ2 | 89 | ADILOPQ23468 | ∅
xor,1,False,1,1,49,23,CGTVY1579 | F | JLUVWY46 | CGTVY57 | FSTY5 | HKX1 | JS | DFJOPSTVY3457 | ∅
xnor,1,True,1,1,49,23,CGTVY1579 | F | JLUVWY46 | CGTVY57 | FSTY5 | HKX1 | JS | DFJOPSTVY3457 | ∅
xor,7,False,1,1,51,23,DFPTVY3457 | 1 | JLUVWY46 | DTVY3457 | TY17 | HKX1 | L68 | CGOQTVY145789 | ∅
xnor,7,True,1,1,51,23,DFPTVY3457 | 1 | JLUVWY46 | DTVY3457 | TY17 | HKX1 | L68 | CGOQTVY145789 | ∅
xor,7,True,1,0,77,23,ACGIQ1 | DELUW06 | AFMNPR29 | A1 | ADEFHKLMNPRUW06 | CDGOQ07 | ∅ | ABDEFHIJKLMNPRSUWXZ0236 | BEISTZ358
xnor,7,False,1,0,77,23,ACGIQ1 | DELUW06 | AFMNPR29 | A1 | ADEFHKLMNPRUW06 | CDGOQ07 | ∅ | ABDEFHIJKLMNPRSUWXZ0236 | BEISTZ358
xor,1,True,1,0,80,23,ADILP236 | BGQUW068 | AFMNPR29 | AP2 | ABGHMNQUW01689 | CDGOQ07 | ∅ | ABCEGHIKLMNQRUWXZ012689 | BEISTZ358
xnor,1,False,1,0,80,23,ADILP236 | BGQUW068 | AFMNPR29 | AP2 | ABGHMNQUW01689 | CDGOQ07 | ∅ | ABCEGHIKLMNQRUWXZ012689 | BEISTZ358
xor,6,True,1,0,81,23,CGTVY1579 | BGQUW068 | CEFKLR5 | CTY5 | BCEGILQUWZ068 | DGNOQUV0 | ∅ | ABCEGHIKLMNQRUWXZ012689 | AHMPW4689
xnor,6,False,1,0,81,23,CGTVY1579 | BGQUW068 | CEFKLR5 | CTY5 | BCEGILQUWZ068 | DGNOQUV0 | ∅ | ABCEGHIKLMNQRUWXZ012689 | AHMPW4689
xor,4,True,1,0,88,23,ADILP236 | DEFMNPR0589 | BJ137 | I23 | BDEFMNPRTZ0235789 | DGNOQUV0 | ∅ | BDEFHKLMNPRTUVWXYZ023456789 | AHMPW4689
xnor,4,False,1,0,88,23,ADILP236 | DEFMNPR0589 | BJ137 | I23 | BDEFMNPRTZ0235789 | DGNOQUV0 | ∅ | BDEFHKLMNPRTUVWXYZ023456789 | AHMPW4689
xor,3,True,1,0,93,23,CGTVY1579 | DEFMNPR0589 | JLUVWY46 | VY1 | DEFHKLMNPRUVW045689 | CDGOQ07 | ∅ | BDEFHKLMNPRTUVWXYZ023456789 | BEISTZ358
xnor,3,False,1,0,93,23,CGTVY1579 | DEFMNPR0589 | JLUVWY46 | VY1 | DEFHKLMNPRUVW045689 | CDGOQ07 | ∅ | BDEFHKLMNPRTUVWXYZ023456789 | BEISTZ358
raw,7,True,2,4,10,54,L | ∅ | DO | U0 | BZ | P | ∅ | A | N
raw,3,True,2,3,12,54,∅ | ∅ | DO | N0 | BZ | 4 | 2 | V47 | U
or,6,False,2,2,19,46,AP | ∅ | B | AP36 | DJOV347 | B | ∅ | D3 | B1
or,5,False,2,2,21,46,∅ | ∅ | FMR | AI | ADOPQ38 | FMR | 8 | A | FMR9
key_and_notdata,7,True,2,1,47,40,∅ | E0 | MNR9 | 1 | ADEFHKLMNPRUW06 | CG0 | ∅ | BEFHKMNRUWXZ0 | BEISTZ358
key_and_notdata,0,True,2,1,48,40,∅ | MN0 | EKLR | I | BCEFGMNRSTZ0579 | NU0 | ∅ | BEFHKMNRUWXZ0 | AHMPW4689
key_and_notdata,3,True,2,1,51,40,∅ | E0 | UW | 1 | DEFHKLMNPRUVW045689 | CG0 | ∅ | BEHKLMNRUWXZ026 | BEISTZ358
raw,0,True,3,3,10,54,∅ | ∅ | O | U0 | HKW | 5 | ∅ | CG | L
or,4,False,3,0,20,46,∅ | ∅ | EKR | 59 | ACGOQ | EKR | ∅ | CG | EFKR5
key_and_notdata,4,False,3,4,8,40,∅ | ∅ | 5 | V | J1 | TY | 5 | O | ∅
key_and_notdata,0,False,3,2,11,40,∅ | ∅ | 7 | V7 | L46 | TY | 7 | OQ | ∅
key_and_notdata,5,True,3,0,42,40,∅ | B0 | LUW6 | ∅ | BGHJMNUVW0179 | D0 | ∅ | BEHKMNRUWXZ0 | BEISTZ358
raw,2,True,4,1,10,54,L | ∅ | OQ | N0 | HM | ∅ | ∅ | DP3 | ∅
raw,1,True,4,1,11,54,∅ | ∅ | GOQ | U0 | ERZ | ∅ | ∅ | AQ | N
raw,5,True,4,0,11,54,∅ | ∅ | GOQ | N0 | EZ | ∅ | ∅ | V5 | LU
and,5,False,4,3,8,41,O | DOQ | KX | ∅ | ∅ | N | ∅ | 2 | ∅
and,0,False,4,2,9,41,O | DOQ | XY | ∅ | ∅ | J7 | ∅ | 2 | ∅
and,2,False,4,2,11,41,O | CGOQV | X2 | ∅ | ∅ | CL | ∅ | Y | ∅
and,6,False,4,1,12,41,O | DJOV7 | X2 | ∅ | ∅ | J7 | ∅ | JY | ∅
and,7,False,4,2,13,41,O | CGOQV | X1 | ∅ | ∅ | JLUV | ∅ | Y | ∅
and,1,False,4,1,14,41,O | DJOV7 | KX | ∅ | ∅ | JLUV | ∅ | JY | ∅
key_and_notdata,3,False,4,4,8,40,∅ | ∅ | P | D | IJS1 | ∅ | P | O | ∅
key_and_notdata,7,False,4,3,9,40,∅ | ∅ | 4 | D | TY17 | ∅ | 4 | OQ | ∅
raw,5,False,5,3,5,54,∅ | ∅ | KX | ∅ | ∅ | N | 4 | 2 | ∅
raw,4,True,5,1,8,54,∅ | ∅ | O | U0 | HW | ∅ | ∅ | D34 | ∅
raw,6,True,5,0,11,54,∅ | ∅ | OQ | N0 | HKMR | ∅ | ∅ | CGQ | ∅
or,2,True,5,3,5,46,∅ | ∅ | ∅ | 7 | X2 | ∅ | S | ∅ | 7
or,3,True,5,3,5,46,∅ | ∅ | ∅ | V | XY | ∅ | ∅ | Y | J
or,0,True,5,3,6,46,∅ | ∅ | ∅ | C | KXY | ∅ | S | ∅ | L
or,5,True,5,3,6,46,∅ | ∅ | ∅ | V | KXY | ∅ | ∅ | Y | L
and,3,False,5,2,8,41,O | CGOQ | X1 | ∅ | ∅ | N | ∅ | ∅ | ∅
and,4,False,5,1,9,41,O | CGOQ | XY | ∅ | ∅ | CL | ∅ | ∅ | ∅
key_and_notdata,2,False,5,2,6,40,∅ | ∅ | ∅ | Q | 19 | I | ∅ | O4 | ∅
key_and_notdata,1,False,5,2,9,40,∅ | ∅ | ∅ | CG | FSTY5 | 1 | ∅ | O | ∅
key_and_notdata,5,False,5,1,9,40,∅ | ∅ | ∅ | CGQ | IL2 | 1 | ∅ | O4 | ∅
raw,7,False,6,2,4,54,∅ | ∅ | X1 | ∅ | ∅ | U | ∅ | Y | ∅
raw,1,False,6,1,5,54,∅ | ∅ | KX | ∅ | ∅ | LU | ∅ | Y | ∅
key_and_notdata,6,False,6,2,4,40,∅ | ∅ | ∅ | ∅ | FP | I | ∅ | O | ∅
raw,0,False,7,2,2,54,∅ | ∅ | X | ∅ | ∅ | ∅ | ∅ | 2 | ∅
raw,4,False,7,2,2,54,∅ | ∅ | X | ∅ | ∅ | L | ∅ | ∅ | ∅
raw,6,False,7,2,2,54,∅ | ∅ | X | ∅ | ∅ | 7 | ∅ | ∅ | ∅
raw,3,False,7,1,3,54,∅ | ∅ | X1 | ∅ | ∅ | N | ∅ | ∅ | ∅
data_and_notkey,5,False,7,2,2,47,∅ | L | ∅ | ∅ | ∅ | ∅ | 4 | ∅ | ∅
or,4,True,7,1,3,46,∅ | ∅ | ∅ | ∅ | XY | ∅ | ∅ | ∅ | J
or,6,True,7,1,5,46,∅ | ∅ | ∅ | C | KRX2 | ∅ | ∅ | ∅ | ∅
raw,2,False,8,1,1,54,∅ | ∅ | X | ∅ | ∅ | ∅ | ∅ | ∅ | ∅
data_and_notkey,0,False,8,1,1,47,∅ | L | ∅ | ∅ | ∅ | ∅ | ∅ | ∅ | ∅
data_and_notkey,3,False,8,1,1,47,∅ | J | ∅ | ∅ | ∅ | ∅ | ∅ | ∅ | ∅
data_and_notkey,4,False,8,1,1,47,∅ | J | ∅ | ∅ | ∅ | ∅ | ∅ | ∅ | ∅
or,7,True,8,0,2,46,∅ | ∅ | ∅ | ∅ | X2 | ∅ | ∅ | ∅ | ∅
or,1,True,8,0,4,46,∅ | ∅ | ∅ | ∅ | KRX2 | ∅ | ∅ | ∅ | ∅
data_and_notkey,1,False,9,0,0,47,∅ | ∅ | ∅ | ∅ | ∅ | ∅ | ∅ | ∅ | ∅
data_and_notkey,2,False,9,0,0,47,∅ | ∅ | ∅ | ∅ | ∅ | ∅ | ∅ | ∅ | ∅
data_and_notkey,6,False,9,0,0,47,∅ | ∅ | ∅ | ∅ | ∅ | ∅ | ∅ | ∅ | ∅
data_and_notkey,7,False,9,0,0,47,∅ | ∅ | ∅ | ∅ | ∅ | ∅ | ∅ | ∅ | ∅
