rows,cols,known_adjacent_pairs,same_bit_rate,null_mean_same,null_sd_same,p_same_high,p_same_low,both_active_rate,null_mean_both_active,p_both_active_high
1,108,39,0.4871794872,0.519263,0.074642,0.726764,0.40198,0.205128,0.196456,0.524924
2,54,59,0.5254237288,0.499507,0.060733,0.380431,0.718764,0.220339,0.194248,0.323734
3,36,65,0.4769230769,0.510419,0.059991,0.751362,0.334533,0.153846,0.182206,0.836208
4,27,75,0.5466666667,0.510829,0.053726,0.291835,0.79046,0.2,0.175872,0.286686
6,18,69,0.5362318841,0.511854,0.056756,0.378481,0.713464,0.217391,0.183378,0.228939
9,12,72,0.4583333333,0.514926,0.054196,0.884206,0.179841,0.166667,0.191527,0.828259
12,9,75,0.44,0.51722,0.053259,0.943203,0.092145,0.173333,0.186718,0.721214
18,6,75,0.4533333333,0.516055,0.052907,0.908555,0.140543,0.186667,0.195477,0.683966
27,4,68,0.5588235294,0.519659,0.055662,0.280936,0.79766,0.220588,0.190088,0.265937
36,3,66,0.5303030303,0.51655,0.055817,0.457877,0.649018,0.212121,0.203456,0.485326
54,2,57,0.5964912281,0.518138,0.060499,0.126444,0.923904,0.263158,0.200534,0.065297
108,1,39,0.4871794872,0.519263,0.074642,0.726764,0.40198,0.205128,0.196456,0.524924
