unit_a,unit_b,overlap_known,conflicts_if_same_glyph,compatible_same_glyph
1,2,4,3,False
1,3,3,1,False
1,4,5,1,False
1,5,4,2,False
1,6,2,1,False
1,7,4,0,True
1,8,4,3,False
1,9,5,2,False
1,10,3,1,False
1,11,3,3,False
1,12,2,0,True
2,3,5,2,False
2,4,4,4,False
2,5,5,2,False
2,6,4,4,False
2,7,4,2,False
2,8,4,2,False
2,9,5,1,False
2,10,4,3,False
2,11,3,1,False
2,12,1,1,False
3,4,3,2,False
3,5,5,2,False
3,6,5,2,False
3,7,4,2,False
3,8,4,2,False
3,9,4,3,False
3,10,2,1,False
3,11,4,2,False
3,12,1,0,True
4,5,3,1,False
4,6,2,0,True
4,7,4,1,False
4,8,3,1,False
4,9,4,3,False
4,10,3,1,False
4,11,2,2,False
4,12,2,0,True
5,6,5,2,False
5,7,3,1,False
5,8,5,1,False
5,9,6,3,False
5,10,2,1,False
5,11,4,2,False
5,12,1,0,True
6,7,3,2,False
6,8,4,1,False
6,9,4,4,False
6,10,1,0,True
6,11,3,2,False
6,12,1,0,True
7,8,4,2,False
7,9,4,1,False
7,10,2,1,False
7,11,3,2,False
7,12,2,0,True
8,9,6,5,False
8,10,2,0,True
8,11,4,1,False
8,12,2,1,False
9,10,3,3,False
9,11,4,2,False
9,12,2,1,False
10,11,2,1,False
10,12,1,1,False
11,12,1,1,False
