residue_108,symbol,observations,source_stickers
1,?,0,
2,/,1,2
3,-,1,3
4,-,2,"328,436"
5,/,1,221
6,?,0,
7,/,1,223
8,?,0,
9,/,1,333
10,-,2,"118,334"
11,?,0,
12,-,2,"336,444"
13,/,1,445
14,-,1,338
15,/,3,"123,231,339"
16,?,0,
17,/,2,"125,449"
18,-,2,"126,450"
19,-,1,343
20,/,1,20
21,-,1,21
22,?,0,
23,-,1,347
24,-,1,132
25,?,0,
26,-,1,242
27,?,0,
28,?,0,
29,/,1,245
30,/,1,354
31,-,1,247
32,/,2,"32,248"
33,?,0,
34,?,0,
35,?,0,
36,/,1,252
37,-,2,"37,469"
38,/,3,"38,362,470"
39,/,1,39
40,/,1,364
41,?,0,
42,/,2,"258,366"
43,/,1,475
44,-,1,476
45,?,0,
46,/,2,"154,478"
47,/,2,"47,263"
48,/,1,156
49,?,0,
50,?,0,
51,-,2,"267,375"
52,?,0,
53,-,1,53
54,?,0,
55,?,0,
56,/,1,164
57,-,1,597
58,?,0,
59,/,1,59
60,/,1,384
61,?,0,
62,?,0,
63,/,2,"63,171"
64,?,0,
65,/,1,65
66,/,2,"66,282"
67,?,0,
68,?,0,
69,/,1,393
70,-,1,178
71,-,1,179
72,-,1,72
73,?,0,
74,-,1,182
75,-,1,183
76,/,1,184
77,?,0,
78,/,1,402
79,/,1,187
80,/,1,296
81,/,1,405
82,?,0,
83,?,0,
84,?,0,
85,•,1,193
86,/,1,194
87,?,0,
88,?,0,
89,•,1,413
90,•,1,306
91,?,0,
92,•,1,92
93,?,0,
94,?,0,
95,•,1,95
96,/,1,312
97,•,1,97
98,•,1,206
99,?,0,
100,?,0,
101,/,1,317
102,?,0,
103,?,0,
104,?,0,
105,?,0,
106,?,0,
107,?,0,
108,/,1,324
