position_mod27,q1_bit,q2_bit,q3_bit,q4_bit,known_bits,possible_hex,resolved_hex
1,?,?,?,?,0,0 1 2 3 4 5 6 7 8 9 A B C D E F,
2,0,0,0,?,3,0 1,
3,1,0,1,?,3,A B,
4,1,1,?,1,3,D F,
5,0,0,0,0,4,0,0
6,?,?,0,?,1,0 1 4 5 8 9 C D,
7,0,?,?,?,1,0 1 2 3 4 5 6 7,
8,?,?,?,1,1,1 3 5 7 9 B D F,
9,0,0,0,1,4,1,1
10,1,1,?,?,2,C D E F,
11,?,0,0,1,3,1 9,
12,1,0,0,?,3,8 9,
13,0,0,?,?,2,0 1 2 3,
14,1,?,?,1,2,9 B D F,
15,0,0,0,0,4,0,0
16,?,0,1,1,3,3 B,
17,0,1,1,1,4,7,7
18,1,?,1,?,2,A B E F,
19,1,0,?,?,2,8 9 A B,
20,0,0,1,0,4,2,2
21,1,0,1,?,3,A B,
22,?,?,0,?,1,0 1 4 5 8 9 C D,
23,1,?,?,?,1,8 9 A B C D E F,
24,1,1,0,?,3,C D,
25,?,?,0,?,1,0 1 4 5 8 9 C D,
26,1,1,0,?,3,C D,
27,?,?,0,0,2,0 4 8 C,
