position,q1,q2,q3,q4_mask,possible_octal_values,resolved_octal
1,?,?,?,?,0 1 2 3 4 5 6 7,
2,0,0,0,?,0,0
3,1,0,1,?,5,5
4,1,1,?,1,6 7,
5,0,0,0,0,0,0
6,?,?,0,?,0 2 4 6,
7,0,?,?,?,0 1 2 3,
8,?,?,?,1,0 1 2 3 4 5 6 7,
9,0,0,0,1,0,0
10,1,1,?,?,6 7,
11,?,0,0,1,0 4,
12,1,0,0,?,4,4
13,0,0,?,?,0 1,
14,1,?,?,1,4 5 6 7,
15,0,0,0,0,0,0
16,?,0,1,1,1 5,
17,0,1,1,1,3,3
18,1,?,1,?,5 7,
19,1,0,?,?,4 5,
20,0,0,1,0,1,1
21,1,0,1,?,5,5
22,?,?,0,?,0 2 4 6,
23,1,?,?,?,4 5 6 7,
24,1,1,0,?,6,6
25,?,?,0,?,0 2 4 6,
26,1,1,0,?,6,6
27,?,?,0,0,0 2 4 6,
