phase,active_value,start_type,valid_completions
0,0,active,0
0,0,gap,0
0,1,active,0
0,1,gap,0
1,0,active,0
1,0,gap,0
1,1,active,0
1,1,gap,0
2,0,active,0
2,0,gap,0
2,1,active,0
2,1,gap,0
3,0,active,0
3,0,gap,0
3,1,active,0
3,1,gap,0
4,0,active,0
4,0,gap,0
4,1,active,0
4,1,gap,0
5,0,active,0
5,0,gap,0
5,1,active,0
5,1,gap,0
6,0,active,0
6,0,gap,0
6,1,active,0
6,1,gap,0
7,0,active,0
7,0,gap,0
7,1,active,0
7,1,gap,0
8,0,active,0
8,0,gap,0
8,1,active,0
8,1,gap,0
9,0,active,0
9,0,gap,0
9,1,active,0
9,1,gap,0
10,0,active,0
10,0,gap,0
10,1,active,0
10,1,gap,0
11,0,active,0
11,0,gap,0
11,1,active,0
11,1,gap,0
12,0,active,0
12,0,gap,0
12,1,active,0
12,1,gap,0
13,0,active,0
13,0,gap,0
13,1,active,0
13,1,gap,0
14,0,active,0
14,0,gap,0
14,1,active,0
14,1,gap,0
15,0,active,0
15,0,gap,0
15,1,active,0
15,1,gap,0
16,0,active,0
16,0,gap,0
16,1,active,0
16,1,gap,0
17,0,active,0
17,0,gap,0
17,1,active,0
17,1,gap,0
18,0,active,0
18,0,gap,0
18,1,active,0
18,1,gap,0
19,0,active,0
19,0,gap,0
19,1,active,0
19,1,gap,0
20,0,active,0
20,0,gap,0
20,1,active,0
20,1,gap,0
21,0,active,0
21,0,gap,0
21,1,active,0
21,1,gap,0
22,0,active,0
22,0,gap,0
22,1,active,0
22,1,gap,0
23,0,active,0
23,0,gap,0
23,1,active,0
23,1,gap,0
24,0,active,0
24,0,gap,0
24,1,active,0
24,1,gap,0
25,0,active,0
25,0,gap,0
25,1,active,0
25,1,gap,0
26,0,active,0
26,0,gap,0
26,1,active,0
26,1,gap,0
27,0,active,0
27,0,gap,0
27,1,active,0
27,1,gap,0
28,0,active,0
28,0,gap,0
28,1,active,0
28,1,gap,0
29,0,active,0
29,0,gap,0
29,1,active,0
29,1,gap,0
30,0,active,0
30,0,gap,0
30,1,active,0
30,1,gap,0
31,0,active,0
31,0,gap,0
31,1,active,0
31,1,gap,0
32,0,active,0
32,0,gap,0
32,1,active,0
32,1,gap,0
33,0,active,0
33,0,gap,0
33,1,active,0
33,1,gap,0
34,0,active,0
34,0,gap,0
34,1,active,0
34,1,gap,0
35,0,active,0
35,0,gap,0
35,1,active,0
35,1,gap,0
36,0,active,0
36,0,gap,0
36,1,active,0
36,1,gap,0
37,0,active,0
37,0,gap,0
37,1,active,0
37,1,gap,0
38,0,active,0
38,0,gap,0
38,1,active,0
38,1,gap,0
39,0,active,0
39,0,gap,0
39,1,active,0
39,1,gap,0
40,0,active,0
40,0,gap,0
40,1,active,0
40,1,gap,0
41,0,active,0
41,0,gap,0
41,1,active,0
41,1,gap,0
42,0,active,0
42,0,gap,0
42,1,active,0
42,1,gap,0
43,0,active,0
43,0,gap,0
43,1,active,0
43,1,gap,0
44,0,active,0
44,0,gap,0
44,1,active,0
44,1,gap,0
45,0,active,0
45,0,gap,0
45,1,active,0
45,1,gap,0
46,0,active,0
46,0,gap,0
46,1,active,0
46,1,gap,0
47,0,active,0
47,0,gap,0
47,1,active,0
47,1,gap,0
48,0,active,0
48,0,gap,0
48,1,active,0
48,1,gap,0
49,0,active,0
49,0,gap,0
49,1,active,0
49,1,gap,0
50,0,active,0
50,0,gap,0
50,1,active,0
50,1,gap,0
51,0,active,0
51,0,gap,0
51,1,active,0
51,1,gap,0
52,0,active,0
52,0,gap,0
52,1,active,0
52,1,gap,0
53,0,active,0
53,0,gap,0
53,1,active,0
53,1,gap,0
54,0,active,0
54,0,gap,0
54,1,active,0
54,1,gap,0
55,0,active,0
55,0,gap,0
55,1,active,0
55,1,gap,0
56,0,active,0
56,0,gap,0
56,1,active,0
56,1,gap,0
57,0,active,0
57,0,gap,0
57,1,active,0
57,1,gap,0
58,0,active,0
58,0,gap,0
58,1,active,0
58,1,gap,0
59,0,active,0
59,0,gap,0
59,1,active,0
59,1,gap,0
60,0,active,0
60,0,gap,0
60,1,active,0
60,1,gap,0
61,0,active,0
61,0,gap,0
61,1,active,0
61,1,gap,0
62,0,active,0
62,0,gap,0
62,1,active,0
62,1,gap,0
63,0,active,0
63,0,gap,0
63,1,active,0
63,1,gap,0
64,0,active,0
64,0,gap,0
64,1,active,0
64,1,gap,0
65,0,active,0
65,0,gap,0
65,1,active,0
65,1,gap,0
66,0,active,0
66,0,gap,0
66,1,active,0
66,1,gap,0
67,0,active,0
67,0,gap,0
67,1,active,0
67,1,gap,0
68,0,active,0
68,0,gap,0
68,1,active,0
68,1,gap,0
69,0,active,0
69,0,gap,0
69,1,active,0
69,1,gap,0
70,0,active,0
70,0,gap,0
70,1,active,0
70,1,gap,0
71,0,active,0
71,0,gap,0
71,1,active,0
71,1,gap,0
72,0,active,0
72,0,gap,0
72,1,active,0
72,1,gap,0
73,0,active,0
73,0,gap,0
73,1,active,0
73,1,gap,0
74,0,active,0
74,0,gap,0
74,1,active,0
74,1,gap,0
75,0,active,0
75,0,gap,0
75,1,active,0
75,1,gap,0
76,0,active,0
76,0,gap,0
76,1,active,0
76,1,gap,0
77,0,active,0
77,0,gap,0
77,1,active,0
77,1,gap,0
78,0,active,0
78,0,gap,0
78,1,active,0
78,1,gap,0
79,0,active,0
79,0,gap,0
79,1,active,0
79,1,gap,0
80,0,active,0
80,0,gap,0
80,1,active,0
80,1,gap,0
81,0,active,0
81,0,gap,0
81,1,active,0
81,1,gap,0
82,0,active,0
82,0,gap,0
82,1,active,0
82,1,gap,0
83,0,active,0
83,0,gap,0
83,1,active,0
83,1,gap,0
84,0,active,0
84,0,gap,0
84,1,active,0
84,1,gap,0
85,0,active,0
85,0,gap,0
85,1,active,0
85,1,gap,0
86,0,active,0
86,0,gap,0
86,1,active,0
86,1,gap,0
87,0,active,0
87,0,gap,0
87,1,active,0
87,1,gap,0
88,0,active,0
88,0,gap,0
88,1,active,0
88,1,gap,0
89,0,active,0
89,0,gap,0
89,1,active,0
89,1,gap,0
90,0,active,0
90,0,gap,0
90,1,active,0
90,1,gap,0
91,0,active,0
91,0,gap,0
91,1,active,0
91,1,gap,0
92,0,active,0
92,0,gap,0
92,1,active,0
92,1,gap,0
93,0,active,0
93,0,gap,0
93,1,active,0
93,1,gap,0
94,0,active,0
94,0,gap,0
94,1,active,0
94,1,gap,0
95,0,active,0
95,0,gap,0
95,1,active,0
95,1,gap,0
96,0,active,0
96,0,gap,0
96,1,active,0
96,1,gap,0
97,0,active,0
97,0,gap,0
97,1,active,0
97,1,gap,0
98,0,active,0
98,0,gap,0
98,1,active,0
98,1,gap,0
99,0,active,0
99,0,gap,0
99,1,active,0
99,1,gap,0
100,0,active,0
100,0,gap,0
100,1,active,0
100,1,gap,0
101,0,active,0
101,0,gap,0
101,1,active,0
101,1,gap,0
102,0,active,0
102,0,gap,0
102,1,active,0
102,1,gap,0
103,0,active,0
103,0,gap,0
103,1,active,0
103,1,gap,0
104,0,active,0
104,0,gap,0
104,1,active,0
104,1,gap,0
105,0,active,0
105,0,gap,0
105,1,active,0
105,1,gap,0
106,0,active,0
106,0,gap,0
106,1,active,0
106,1,gap,0
107,0,active,0
107,0,gap,0
107,1,active,0
107,1,gap,0
