serial,tile,symbol,category,canonical_input,path,source_repo,source_ref,source_path,sha256,width,height,format,notes
002,B,/,community-original,yes,archive/stickers/originals/002/002.jpg,gamesbyian/INSIDE-ARG,master,images/stickers/002.jpg,f0a19fe8c34c947d0a848b7bfbcceeb57255a2634e9681e0170f7092dc8cc560,1276,1427,JPEG,
003,C,-,community-original,yes,archive/stickers/originals/003/003.jpg,gamesbyian/INSIDE-ARG,master,images/stickers/003.jpg,b8b86c69b5d5cda6f586c84fa6f070646b9a208d7d83b2fee9d3dc16fb94022c,380,383,JPEG,
020,B,/,community-original,yes,archive/stickers/originals/020/020.jpg,gamesbyian/INSIDE-ARG,master,images/stickers/020.jpg,5937117d19b7351cd729a614f48a7622f941d5bcf08f11ae5f4575b03f707f7e,3024,4032,JPEG,
021,C,-,community-original,yes,archive/stickers/originals/021/021.png,gamesbyian/INSIDE-ARG,master,images/stickers/021.png,641b257bdb3532735417444815fa49e7aec680186a8840a619f5bf4980e64c26,967,1349,JPEG,
032,E,/,community-original,yes,archive/stickers/originals/032/032.jpg,gamesbyian/INSIDE-ARG,master,images/stickers/032.jpg,5f9b56f403f6c6394fdc83e1f6bb1fac923b8aa4f3f6c77089146a92ef0c21bb,2832,3721,JPEG,
037,A,-,community-original,yes,archive/stickers/originals/037/037.jpg,gamesbyian/INSIDE-ARG,master,images/stickers/037.jpg,66b4371b1aa0b72ff4d5b2648b8bd28612f486d1a9af4a111d4377c969477df4,513,513,JPEG,
038,B,/,community-original,yes,archive/stickers/originals/038/038.jpg,gamesbyian/INSIDE-ARG,master,images/stickers/038.jpg,d873a59a5abd0f37716d53bccd413ec549fe8230f02f7bbd522d97cd0b287161,364,307,JPEG,
039,C,/,community-original,yes,archive/stickers/originals/039/039.jpg,gamesbyian/INSIDE-ARG,master,images/stickers/039.jpg,d00931f4ae7d349cd063d1a6e9f899494a9738e878498d42bd5c506546417fa6,684,513,JPEG,
047,B,/,community-original,yes,archive/stickers/originals/047/047.jpg,gamesbyian/INSIDE-ARG,master,images/stickers/047.jpg,ac56c709035a9a7afde6c3354ab5486f3f689571b98fcf8a0c1fb22983138425,1473,1965,JPEG,
053,H,-,community-original,yes,archive/stickers/originals/053/053.jpg,gamesbyian/INSIDE-ARG,master,images/stickers/053.jpg,e9a30e96e5c22e89128c021972ab7e1dae43686757c787e9fdcb0980f2895035,3024,4032,JPEG,
059,E,/,community-original,yes,archive/stickers/originals/059/059.jpg,gamesbyian/INSIDE-ARG,master,images/stickers/059.jpg,854a12d458dd72e73588b4d333deed33d098b3e06e441be5551770be16e23160,4032,3024,JPEG,
063,I,/,community-original,yes,archive/stickers/originals/063/063.webp,gamesbyian/INSIDE-ARG,master,images/stickers/063.webp,86442394cbf1b509d364670c4df6f9f794a1d2be937c5aba73ecbfb58bc9bba2,1024,757,WEBP,
065,B,/,community-original,yes,archive/stickers/originals/065/065.jpg,gamesbyian/INSIDE-ARG,master,images/stickers/065.jpg,7bec73595a716b15f702dcde8063b0027d511d223f12efd8e994380d4b1064d8,138,168,JPEG,
066,C,/,community-original,yes,archive/stickers/originals/066/066.jpg,gamesbyian/INSIDE-ARG,master,images/stickers/066.jpg,224eef030dfe7f2ca3fdcc2e96007c2320740ab89a79829f2371323b681d90ce,4032,3024,JPEG,
072,I,-,community-original,yes,archive/stickers/originals/072/072.jpg,gamesbyian/INSIDE-ARG,master,images/stickers/072.jpg,d10d7c3e5e4332ed37f8b1b44667a80654cbceda15824d373284fa3ee8260bd9,3024,4032,JPEG,
092,B,•,community-original,yes,archive/stickers/originals/092/092.jpg,gamesbyian/INSIDE-ARG,master,images/stickers/092.jpg,8bc510a1443f09558d0899e054eae1fac8751478c7235b9eb06a769a8ec5f476,2051,1740,JPEG,
095,E,•,community-original,yes,archive/stickers/originals/095/095.jpg,gamesbyian/INSIDE-ARG,master,images/stickers/095.jpg,aaff085d0b1a89967596fe59477ca141b60941f4cd967aabf0bf8999475cdc07,3264,2448,JPEG,
097,G,•,community-original,yes,archive/stickers/originals/097/097.jpg,gamesbyian/INSIDE-ARG,master,images/stickers/097.jpg,0e9b5c97eca68bdcc0cee2ae49fc7aca8fc37fd791dbc955281367fd209b2bf0,2976,3968,JPEG,
118,A,-,community-original,yes,archive/stickers/originals/118/118.jpg,gamesbyian/INSIDE-ARG,master,images/stickers/118.jpg,bd206716318d6a7707c5fe39dc8f72b44f087261023120309a1455d743bdd562,1380,1116,JPEG,
123,F,/,community-original,yes,archive/stickers/originals/123/123.jpg,gamesbyian/INSIDE-ARG,master,images/stickers/123.jpg,05a1bad06f23f3f0c887a84b34dd327cf529bb50c5cd81811a1f820d9d1972bf,2048,1536,JPEG,
125,H,/,community-original,yes,archive/stickers/originals/125/125.jpg,gamesbyian/INSIDE-ARG,master,images/stickers/125.jpg,fef0d687f4424dd0e2533de4e8e25452ac2a25249ec7293c2c87da8b5f92ebc6,385,513,JPEG,
126,I,-,community-original,yes,archive/stickers/originals/126/126.jpg,gamesbyian/INSIDE-ARG,master,images/stickers/126.jpg,3628bc94ca52c8b50457fb2efc6afc7487820c50f3d0256f5fc35971688a1d4b,2440,1651,JPEG,
132,F,-,community-original,yes,archive/stickers/originals/132/132.jpg,gamesbyian/INSIDE-ARG,master,images/stickers/132.jpg,2afb3d214ef416fb92de005ebab571705cb109f9851781a30a4214085f539bef,2257,2291,JPEG,
154,A,/,community-original,yes,archive/stickers/originals/154/154.jpg,gamesbyian/INSIDE-ARG,master,images/stickers/154.jpg,1aa20df7c47986324a716bd704233dd12c44c7d5a3b44e988a3f2b0259c5ac0e,2735,3778,JPEG,
156,C,/,community-original,yes,archive/stickers/originals/156/156.jpg,gamesbyian/INSIDE-ARG,master,images/stickers/156.jpg,ca388713221fae3dad0340ae9be8f37780a01c78ca07afa7e65ee6648b9565f7,1473,1965,JPEG,
164,B,/,community-original,yes,archive/stickers/originals/164/164.jpg,gamesbyian/INSIDE-ARG,master,images/stickers/164.jpg,426a9547256a629a0b01d527e820d27b69483736cc11e35a079f26b59b2669d1,1600,1330,JPEG,
171,I,/,community-original,yes,archive/stickers/originals/171/171.jpg,gamesbyian/INSIDE-ARG,master,images/stickers/171.jpg,fc1bde45ecc8c7504c81729c3ec4fdebd60af83e3c649630fce63a21eaa068db,3024,4032,JPEG,
178,G,-,community-original,yes,archive/stickers/originals/178/178.png,gamesbyian/INSIDE-ARG,master,images/stickers/178.png,26cb0bdf924e086b396aceebc9af1d0894feb951484a5d322d344410bf3870b1,625,589,PNG,
179,H,-,community-original,yes,archive/stickers/originals/179/179.png,gamesbyian/INSIDE-ARG,master,images/stickers/179.png,2afc990c698284959d16ceaf0564a63a45864e5339efda4efda847658f5ab8ce,595,608,PNG,
182,B,-,community-original,yes,archive/stickers/originals/182/182.jpg,gamesbyian/INSIDE-ARG,master,images/stickers/182.jpg,550f4ec12160cba1578f2e3231bb91c2288ac98750ea503162656e6c41a62649,3840,2160,JPEG,
183,C,-,community-original,yes,archive/stickers/originals/183/183.jpg,gamesbyian/INSIDE-ARG,master,images/stickers/183.jpg,4045e620954058910229d4757d1ecc0aa735e2efc8120496f7db635bfd52d042,423,326,JPEG,
184,D,/,community-original,yes,archive/stickers/originals/184/184.jpg,gamesbyian/INSIDE-ARG,master,images/stickers/184.jpg,a4d7f783fdbd13cd2c682fb07cfff8773fd6fa21ddeb76ce832c796fcf8f8cd5,3840,2160,JPEG,
187,G,/,community-original,yes,archive/stickers/originals/187/187.jpg,gamesbyian/INSIDE-ARG,master,images/stickers/187.jpg,b613e8e2e6191f637e6cef1098dcfc1b30155f5116d461d4aca33c408049eb26,385,513,JPEG,
193,D,•,community-original,yes,archive/stickers/originals/193/193.jpg,gamesbyian/INSIDE-ARG,master,images/stickers/193.jpg,7191140401c8853cf7a2a7f19b583a981cf9a803181ba65ba2db1988e5c74e1e,371,343,JPEG,
194,E,/,community-original,yes,archive/stickers/originals/194/194.jpg,gamesbyian/INSIDE-ARG,master,images/stickers/194.jpg,69906727dc0211f785ef0f382bb7f8fd8bcecbfff99ac553c79246d3baddfa96,363,418,JPEG,
206,H,•,community-original,yes,archive/stickers/originals/206/206.jpg,gamesbyian/INSIDE-ARG,master,images/stickers/206.jpg,cb26ee0c214e36ba11efe219899c221be8a44f8186b481a8279e69ffc5a79164,385,514,JPEG,
221,E,/,community-original,yes,archive/stickers/originals/221/221.png,gamesbyian/INSIDE-ARG,master,images/stickers/221.png,745b9d0955ad71ed8ea46d74b033bd597bdbb326071ee92386edd00c49866905,262,314,PNG,
223,G,/,community-original,yes,archive/stickers/originals/223/223.jpg,gamesbyian/INSIDE-ARG,master,images/stickers/223.jpg,817fdfdbec190341cb3832cfa8a404a1eb5855297339bae3b823bfb03d5c82b2,1600,1200,JPEG,
231,F,/,community-original,yes,archive/stickers/originals/231/231.jpg,gamesbyian/INSIDE-ARG,master,images/stickers/231.jpg,cfb2d1403445dabab129586fb99d7d402f30b97af4937dfbdb5bc12558def2f4,730,894,JPEG,
242,H,-,community-original,yes,archive/stickers/originals/242/242.jpg,gamesbyian/INSIDE-ARG,master,images/stickers/242.jpg,0b2df7648e8eb87c0ccf1aefdaa7cc6f22e65e57d64c230886f908cd50241b2c,414,393,JPEG,
245,B,/,community-original,yes,archive/stickers/originals/245/245.jpg,gamesbyian/INSIDE-ARG,master,images/stickers/245.jpg,5cc4a64affe59c62dca681ca1d31cd82cd2d1d1d5a60eb6c597af6db042761ee,1080,1920,JPEG,
247,D,-,community-original,yes,archive/stickers/originals/247/247.jpg,gamesbyian/INSIDE-ARG,master,images/stickers/247.jpg,f326350ecfbafe29629ba2c0c343372acb15398dfdfaedaa284e88fd1b0c0b06,2923,1659,JPEG,
248,E,/,community-original,yes,archive/stickers/originals/248/248.jpg,gamesbyian/INSIDE-ARG,master,images/stickers/248.jpg,470dab118547a71c30c20a2fc94543d51792de19661f503bf1edf0c5fab382c4,2943,1872,JPEG,
252,I,/,community-original,yes,archive/stickers/originals/252/252.jpg,gamesbyian/INSIDE-ARG,master,images/stickers/252.jpg,3bef04635c774b552745a27621e2aa609e92b4109daad143dc9b511c9c893d1f,374,269,JPEG,
258,F,/,community-original,yes,archive/stickers/originals/258/258.jpg,gamesbyian/INSIDE-ARG,master,images/stickers/258.jpg,34529ecd443bac112f73637ddc73d68a03e50679a5af79f8549ab32272a18042,356,474,JPEG,
263,B,/,community-original,yes,archive/stickers/originals/263/263.jpg,gamesbyian/INSIDE-ARG,master,images/stickers/263.jpg,a3508d4e1d14122e4b6061d3784859561ed556d0315a99457b332ab0fe9d54b8,1200,900,JPEG,
267,F,-,community-original,yes,archive/stickers/originals/267/267.jpg,gamesbyian/INSIDE-ARG,master,images/stickers/267.jpg,0640c8b37a521763b5fddb1ad2819f0b293c0f3318025a6be9beb86812309b83,385,513,JPEG,
282,C,/,community-original,yes,archive/stickers/originals/282/282.jpg,gamesbyian/INSIDE-ARG,master,images/stickers/282.jpg,fc88fdb0e153995a59a779804bf92d684b5ae666e017830ebe13fdccb58dd8a2,1057,1225,JPEG,
296,H,/,community-original,yes,archive/stickers/originals/296/296.jpg,gamesbyian/INSIDE-ARG,master,images/stickers/296.jpg,9c079f824602ced58a9a60791e6829fbc3c5bd0646c5d2e690919451463e9815,750,1000,JPEG,
306,I,•,community-original,yes,archive/stickers/originals/306/306.jpg,gamesbyian/INSIDE-ARG,master,images/stickers/306.jpg,eb8fa37303f44d74fd92a5162320ef252525308ee01c1f5fec9e9952968c7a31,750,843,JPEG,
312,F,/,community-original,yes,archive/stickers/originals/312/312.png,gamesbyian/INSIDE-ARG,master,images/stickers/312.png,0b1cf2d33417d58fec608185e4bd245827f6cc0be33ec7c51f989b0d1405bf49,395,382,PNG,
317,B,/,community-original,yes,archive/stickers/originals/317/317.jpg,gamesbyian/INSIDE-ARG,master,images/stickers/317.jpg,849f2ffc88e67e9f209c757792a5f716555acdc89ca54cdbe758adaa89424d19,1179,1564,JPEG,
324,I,/,community-original,yes,archive/stickers/originals/324/324.jpg,gamesbyian/INSIDE-ARG,master,images/stickers/324.jpg,fecbe1a974191f6327c228921ffffff203dc00df7ed7af1e71b18fdfbcb52408,1536,2048,JPEG,
328,D,-,community-original,yes,archive/stickers/originals/328/328.jpg,gamesbyian/INSIDE-ARG,master,images/stickers/328.jpg,b94a20ea14e38dec0fe347000564503bd2001d0134e34e2c8b2f0deaef55b81b,1351,1739,JPEG,
333,I,/,community-original,yes,archive/stickers/originals/333/333.jpg,gamesbyian/INSIDE-ARG,master,images/stickers/333.jpg,f445f534efb0e5c83dd68c71c4f0e1a6b8032f30c1fc9f1bf795f95b46909e45,333,274,JPEG,
334,A,-,community-original,yes,archive/stickers/originals/334/334.jpg,gamesbyian/INSIDE-ARG,master,images/stickers/334.jpg,9f86385f9bea968b82746f6eb415f4481033cc88f5d6691d83d7444fd901e631,513,513,JPEG,
336,C,-,community-original,yes,archive/stickers/originals/336/336.jpg,gamesbyian/INSIDE-ARG,master,images/stickers/336.jpg,d9fac70caf2becf1beee99404cb17211f6d1bdde57f6b882a3a74e9afd86feac,500,500,JPEG,
338,E,-,community-original,yes,archive/stickers/originals/338/338.jpg,gamesbyian/INSIDE-ARG,master,images/stickers/338.jpg,a7062a664485b0c4297de072b3c207408e3040933a15e87ab9307a081236cca7,2048,1536,JPEG,
339,F,/,community-original,yes,archive/stickers/originals/339/339.jpg,gamesbyian/INSIDE-ARG,master,images/stickers/339.jpg,122d1389536b6a133bc9772ba31426810a15355ec2542baa9b3d6ed40951206b,994,1226,JPEG,
343,A,-,community-original,yes,archive/stickers/originals/343/343.jpg,gamesbyian/INSIDE-ARG,master,images/stickers/343.jpg,838cee8e1569ed25e81eba133f738c99a6abbd5eaecc61a0083a099941654c34,1536,2048,JPEG,
347,E,-,community-original,yes,archive/stickers/originals/347/347.jpg,gamesbyian/INSIDE-ARG,master,images/stickers/347.jpg,867f9641171001b9cb8baefef3e8ced388d8f01fb87b7ee81dda268d353dc405,288,453,JPEG,
354,C,/,community-original,yes,archive/stickers/originals/354/354.jpg,gamesbyian/INSIDE-ARG,master,images/stickers/354.jpg,df5a248c57781c400041dcf82e831dec6d27ccd7819be552dbff7c378495b359,1080,1920,JPEG,
362,B,/,community-original,yes,archive/stickers/originals/362/362.jpg,gamesbyian/INSIDE-ARG,master,images/stickers/362.jpg,115fedc1c0f898965f549da9358d5e4b1058f85799e8e0d42ac1813de797f87d,4032,1960,JPEG,
364,D,/,community-original,yes,archive/stickers/originals/364/364.jpg,gamesbyian/INSIDE-ARG,master,images/stickers/364.jpg,4ca3156bcefdeb58534c5b29a7d362a2f34c3ec6c7e570cfbae0485b7c8fb40d,2448,3264,JPEG,
366,F,/,community-original,yes,archive/stickers/originals/366/366.jpg,gamesbyian/INSIDE-ARG,master,images/stickers/366.jpg,efeae2731e30ede9b7c80e857668351727aec4050af01e8d3c3fc72867f07801,1536,2048,JPEG,
375,F,-,community-original,yes,archive/stickers/originals/375/375.jpg,gamesbyian/INSIDE-ARG,master,images/stickers/375.jpg,105399775279d203792acd1c5a5f97fdd27b89e45b3cdd344c4f14e935f93ca6,1759,1433,JPEG,
384,F,/,community-original,yes,archive/stickers/originals/384/384.png,gamesbyian/INSIDE-ARG,master,images/stickers/384.png,d151772491965aae34f24a4083d3a945650c5d2153027b5b4afe03c2393d424c,750,1125,PNG,
393,F,/,community-original,yes,archive/stickers/originals/393/393.jpg,gamesbyian/INSIDE-ARG,master,images/stickers/393.jpg,1c6f11b561bada19a2a86dbb48e81180fbeb7d2982e76311cb980f8e2fdfe86b,816,823,JPEG,
402,F,/,community-original,yes,archive/stickers/originals/402/402.jpg,gamesbyian/INSIDE-ARG,master,images/stickers/402.jpg,8dde4af980221256e8826a74bd0a11ecc4486d5bf5ba832888a3944566ec3b9c,4000,3000,JPEG,
405,I,/,community-original,yes,archive/stickers/originals/405/405.jpg,gamesbyian/INSIDE-ARG,master,images/stickers/405.jpg,f46cfa8bab23c83f63bf806741ea7d0a3c97354ec26d031c4c910372637e570b,1758,2345,JPEG,
413,H,•,community-original,yes,archive/stickers/originals/413/413.png,gamesbyian/INSIDE-ARG,master,images/stickers/413.png,ad4fba92d3acaee244c5330a661a750eb173eea6298d5e54aad9b171b3904f82,535,584,PNG,
436,D,-,community-original,yes,archive/stickers/originals/436/436.png,gamesbyian/INSIDE-ARG,master,images/stickers/436.png,48e57790d3b2d84760f59528669cbf534d1078565db0a46d439ef2ef0a63ae7b,462,451,PNG,
444,C,-,community-original,yes,archive/stickers/originals/444/444.png,gamesbyian/INSIDE-ARG,master,images/stickers/444.png,b7eaff7403c88c5962973848c766bd0cfab03c71e8396d491010233ce157c94e,664,567,JPEG,
445,D,/,community-original,yes,archive/stickers/originals/445/445.jpg,gamesbyian/INSIDE-ARG,master,images/stickers/445.jpg,03b6c3e1068a3c0ea8e719a96711aa92f6d35469d847dc78ac1479e7975c884d,1600,1200,JPEG,
449,H,/,community-original,yes,archive/stickers/originals/449/449.jpg,gamesbyian/INSIDE-ARG,master,images/stickers/449.jpg,0d0a92b862bb9ea08985b654983f0c233682465c5374ec50c8c53c415b4a0e4e,1940,1958,JPEG,
450,I,-,community-original,yes,archive/stickers/originals/450/450.jpg,gamesbyian/INSIDE-ARG,master,images/stickers/450.jpg,359eea29b6c8be18a7656c20e4130c8bf4fa48d452ae994735cd4892b3fff7e7,3000,4000,JPEG,
469,A,-,community-original,yes,archive/stickers/originals/469/469.jpg,gamesbyian/INSIDE-ARG,master,images/stickers/469.jpg,9a755d73c0e588cac5d7cef99a5674886eaa5297af459c0cbb8e06179ace6b42,4032,2268,JPEG,
470,B,/,community-original,yes,archive/stickers/originals/470/470.jpg,gamesbyian/INSIDE-ARG,master,images/stickers/470.jpg,cbad717bb29dec4a95cbcdd7f6943c4f277fae5cb60a30a687eff55e6e323302,1200,1600,JPEG,
475,G,/,community-original,yes,archive/stickers/originals/475/475.jpg,gamesbyian/INSIDE-ARG,master,images/stickers/475.jpg,473f8341c1e8ee376ce782f11a7262f501ca79e510e43ac2387fb98d8edc13df,3024,4032,JPEG,
476,H,-,community-original,yes,archive/stickers/originals/476/476.jpg,gamesbyian/INSIDE-ARG,master,images/stickers/476.jpg,5b182f846106d8c4daab665a6f03e8c5629a09c6586807e029abb8a66076a80f,2252,4000,JPEG,
478,A,/,community-original,yes,archive/stickers/originals/478/478.jpg,gamesbyian/INSIDE-ARG,master,images/stickers/478.jpg,537185b1d094bd722fda7f56b8c575bcf8d8d4ab2e7f4e19113431054ed2fb95,1662,1712,JPEG,
597,C,-,community-original,yes,archive/stickers/originals/597/597.png,gamesbyian/INSIDE-ARG,master,images/stickers/597.png,4d08153c0f9a5e8818ec8bfddb3de9639c65fcb7519d063ae2644b501e10ab41,235,254,PNG,
003,C,-,derived-community-edit,no,archive/stickers/derived/community-edited/003.jpg,gamesbyian/INSIDE-ARG,master,images/stickers/edited/003.jpg,a73a60d83e1cb62ac1d7ef79a87c89f39c2fb71acf8aadd3c4d48333fa6a5140,434,481,JPEG,
021,C,-,derived-community-edit,no,archive/stickers/derived/community-edited/021.jpg,gamesbyian/INSIDE-ARG,master,images/stickers/edited/021.jpg,e54ab2c85e87b721243db439e1deebf17113892c408b0d74021cf9a97913da9e,1877,2749,JPEG,
032,E,/,derived-community-edit,no,archive/stickers/derived/community-edited/032.jpg,gamesbyian/INSIDE-ARG,master,images/stickers/edited/032.jpg,12f013bea40d32b156f6ba408a0183679345ba6b26627ea73d85acfa3825705b,2809,3037,JPEG,
059,E,/,derived-community-edit,no,archive/stickers/derived/community-edited/059.jpg,gamesbyian/INSIDE-ARG,master,images/stickers/edited/059.jpg,da8898cad8ae4a39daf816e54ca1d60fcdb74b0d3e79d9e2611c6c14d0b63f7a,640,853,JPEG,
066,C,/,derived-community-edit,no,archive/stickers/derived/community-edited/066.jpg,gamesbyian/INSIDE-ARG,master,images/stickers/edited/066.jpg,f7118b6d90d342dc20d1b84a2e54625de4a5fa4490b876d59468ada48632f2df,1471,1472,JPEG,
095,E,•,derived-community-edit,no,archive/stickers/derived/community-edited/095.jpg,gamesbyian/INSIDE-ARG,master,images/stickers/edited/095.jpg,ecbb536c7944b14571a33284431a0de19aaa4632aa65e8d23bfe5a558bf25fe9,640,853,JPEG,
097,G,•,derived-community-edit,no,archive/stickers/derived/community-edited/097.png,gamesbyian/INSIDE-ARG,master,images/stickers/edited/097.png,4df82dfac565b4d31cbacf33d107e5bdc117baa57eece3735466125b18acea72,898,898,PNG,
154,A,/,derived-community-edit,no,archive/stickers/derived/community-edited/154.jpg,gamesbyian/INSIDE-ARG,master,images/stickers/edited/154.jpg,046b8e6a87ce6c658406efa789b586dfb080044c6d318d2c9c0b22f5e9c2e741,1140,1167,JPEG,
156,C,/,derived-community-edit,no,archive/stickers/derived/community-edited/156.png,gamesbyian/INSIDE-ARG,master,images/stickers/edited/156.png,1ea74444eb29498b0ae0cb2abb7d0bbf8fee14520bcb660a68af74569937d5a2,516,513,PNG,
171,I,/,derived-community-edit,no,archive/stickers/derived/community-edited/171.jpg,gamesbyian/INSIDE-ARG,master,images/stickers/edited/171.jpg,6afb6d3c675496b8370e76439cd5060ed6bb3d15b3e3d04fb2f56c58364f62a9,640,853,JPEG,
182,B,-,derived-community-edit,no,archive/stickers/derived/community-edited/182.png,gamesbyian/INSIDE-ARG,master,images/stickers/edited/182.png,334088c2cd502a4a5702788f84dd1ad2f8d78b54f6d5e21ef7418f5a58bd6768,1485,1390,PNG,
242,H,-,derived-community-edit,no,archive/stickers/derived/community-edited/242.jpg,gamesbyian/INSIDE-ARG,master,images/stickers/edited/242.jpg,36145ac0d29fa974155827e0b8a94e1b192ee44313c4cb77541d42f2eda36366,640,627,JPEG,
245,B,/,derived-community-edit,no,archive/stickers/derived/community-edited/245.png,gamesbyian/INSIDE-ARG,master,images/stickers/edited/245.png,00cc2d6289fe7551d118c8d885132e6e93e8248706ef4b6c0be18d2a6524199b,1110,1161,PNG,
312,F,/,derived-community-edit,no,archive/stickers/derived/community-edited/312.jpg,gamesbyian/INSIDE-ARG,master,images/stickers/edited/312.jpg,5384d2be2ffad844c8e2b672730e2f1825218a5c475ac60b9777c28104b9c2d3,749,1539,JPEG,
328,D,-,derived-community-edit,no,archive/stickers/derived/community-edited/328.jpg,gamesbyian/INSIDE-ARG,master,images/stickers/edited/328.jpg,1a8ef3e9af32b2ab1383acc0aea7c19e7905173188427bd0c77c3d61596c9e91,1114,1109,JPEG,
334,A,-,derived-community-edit,no,archive/stickers/derived/community-edited/334.png,gamesbyian/INSIDE-ARG,master,images/stickers/edited/334.png,2d23919fc05f1e9331518e6f397733ed20121895d797fff83c12a34c719604f3,627,513,PNG,
002,B,/,derived-community-resize,no,archive/stickers/derived/community-resized/002.jpg,gamesbyian/INSIDE-ARG,master,images/stickers/resized/002.jpg,dd47bc7e53abfa377e6b3c4521c8ea780731a98e582ff422723f8799c0deb788,479,375,JPEG,
003,C,-,derived-community-resize,no,archive/stickers/derived/community-resized/003.jpg,gamesbyian/INSIDE-ARG,master,images/stickers/resized/003.jpg,b8b86c69b5d5cda6f586c84fa6f070646b9a208d7d83b2fee9d3dc16fb94022c,380,383,JPEG,
020,B,/,derived-community-resize,no,archive/stickers/derived/community-resized/020.jpg,gamesbyian/INSIDE-ARG,master,images/stickers/resized/020.jpg,f0b517f7f87a1e22073c773b160e15fbc9cf0618794a5746d8169d3d4976a4f1,378,379,JPEG,
021,C,-,derived-community-resize,no,archive/stickers/derived/community-resized/021.jpg,gamesbyian/INSIDE-ARG,master,images/stickers/resized/021.jpg,9be44a631d572b6ee46ffa2b0fded611068bfd793e4bd99d94d47601d1626cee,209,265,JPEG,
032,E,/,derived-community-resize,no,archive/stickers/derived/community-resized/032.jpg,gamesbyian/INSIDE-ARG,master,images/stickers/resized/032.jpg,7e30379bef535bdef33478b6e43c1b88206e22243f17c75b5fc4dcc27a5896c5,353,415,JPEG,
037,A,-,derived-community-resize,no,archive/stickers/derived/community-resized/037.jpg,gamesbyian/INSIDE-ARG,master,images/stickers/resized/037.jpg,9482f255d7ed392e08a9b7820760f471f749231e65c844d5033e1ca9b9779070,424,400,JPEG,
038,B,/,derived-community-resize,no,archive/stickers/derived/community-resized/038.jpg,gamesbyian/INSIDE-ARG,master,images/stickers/resized/038.jpg,cc5d6a5aa07f98b307757d7ec20386e5712a5ffc68867ac378ed0e27657e392c,255,239,JPEG,
039,C,/,derived-community-resize,no,archive/stickers/derived/community-resized/039.jpeg,gamesbyian/INSIDE-ARG,master,images/stickers/resized/039.jpeg,679c6cac95fb846c1fffa5b536114d4dae3235a079dc17abc91b4fa7eab0601b,563,470,JPEG,
047,B,/,derived-community-resize,no,archive/stickers/derived/community-resized/047.jpg,gamesbyian/INSIDE-ARG,master,images/stickers/resized/047.jpg,ce62de79df8978cbc1bc9d2bb798b53b9023c4444814457fa2f5f621db7bbccc,728,851,JPEG,
053,H,-,derived-community-resize,no,archive/stickers/derived/community-resized/053.jpg,gamesbyian/INSIDE-ARG,master,images/stickers/resized/053.jpg,b79b9401305634f9642a4d40f86665daa25cd5447955636c178048d53c511a4e,451,604,JPEG,
059,E,/,derived-community-resize,no,archive/stickers/derived/community-resized/059.jpg,gamesbyian/INSIDE-ARG,master,images/stickers/resized/059.jpg,92455e4ae6f595c20e5d54cd61604d4cad4937b88410fdef58ec5524aa692887,567,755,JPEG,
065,B,/,derived-community-resize,no,archive/stickers/derived/community-resized/065.jpg,gamesbyian/INSIDE-ARG,master,images/stickers/resized/065.jpg,7bec73595a716b15f702dcde8063b0027d511d223f12efd8e994380d4b1064d8,138,168,JPEG,
066,C,/,derived-community-resize,no,archive/stickers/derived/community-resized/066.jpg,gamesbyian/INSIDE-ARG,master,images/stickers/resized/066.jpg,b97dcd2a12434115b2d74fab65a88b32c0b94ad195ca6f2b393b267056c2bbb9,382,350,JPEG,
092,B,•,derived-community-resize,no,archive/stickers/derived/community-resized/092.jpg,gamesbyian/INSIDE-ARG,master,images/stickers/resized/092.jpg,04f4f93c978944c3ab113558ed4dbf124d8da2bc870a9bb605a32c79c8a5b505,323,326,JPEG,
095,E,•,derived-community-resize,no,archive/stickers/derived/community-resized/095.jpg,gamesbyian/INSIDE-ARG,master,images/stickers/resized/095.jpg,34710f93885e189e373d99e39a5453884ce8d95d40514d5a6469e4e806473d7d,536,540,JPEG,
097,G,•,derived-community-resize,no,archive/stickers/derived/community-resized/097.jpg,gamesbyian/INSIDE-ARG,master,images/stickers/resized/097.jpg,7c7bcf23a66671501bf96ffda1a1ed19984a058a380ae4ba523c9f3f4eade80e,562,603,JPEG,
118,A,-,derived-community-resize,no,archive/stickers/derived/community-resized/118.jpg,gamesbyian/INSIDE-ARG,master,images/stickers/resized/118.jpg,2b76835e3145125e68132682b78aa585aa7a3065c4a5191e53605c3fa4dcf7c3,393,341,JPEG,
123,F,/,derived-community-resize,no,archive/stickers/derived/community-resized/123.jpg,gamesbyian/INSIDE-ARG,master,images/stickers/resized/123.jpg,99d6301f6b42614d8c782b7939b3dc44ff3e80404a793380bfbc14cbbbc2b97a,477,333,JPEG,
125,H,/,derived-community-resize,no,archive/stickers/derived/community-resized/125.jpg,gamesbyian/INSIDE-ARG,master,images/stickers/resized/125.jpg,8b268f9533dff1d50445a4da2957b40ea5db4a6d4ecb145a573a70fa314f08b8,360,376,JPEG,
126,I,-,derived-community-resize,no,archive/stickers/derived/community-resized/126.jpg,gamesbyian/INSIDE-ARG,master,images/stickers/resized/126.jpg,6806d182221f289707c0afc4922dd3fa8e8be955e8c2ce54a3586aa17337333d,392,355,JPEG,
132,F,-,derived-community-resize,no,archive/stickers/derived/community-resized/132.jpeg,gamesbyian/INSIDE-ARG,master,images/stickers/resized/132.jpeg,ad44c2dc2ddca9093bb33c7ff3c23c582a3db6711baf3f500a6c76faa4ffb58f,564,563,JPEG,
154,A,/,derived-community-resize,no,archive/stickers/derived/community-resized/154.jpg,gamesbyian/INSIDE-ARG,master,images/stickers/resized/154.jpg,6987b517d1e9f2e850f9788981f133b580ab96267ba2e400c718bf496eb30305,513,465,JPEG,
156,C,/,derived-community-resize,no,archive/stickers/derived/community-resized/156.jpg,gamesbyian/INSIDE-ARG,master,images/stickers/resized/156.jpg,8bf78569eeb9a9dadd3656ad19d10fa921dfac71301aa7f42063b1a43c7cab93,407,432,JPEG,
164,B,/,derived-community-resize,no,archive/stickers/derived/community-resized/164.jpg,gamesbyian/INSIDE-ARG,master,images/stickers/resized/164.jpg,ee057333a6867774ec6c9014d050058a27bf22e2c1b9d0cac4ad3e346e42b665,275,260,JPEG,
171,I,/,derived-community-resize,no,archive/stickers/derived/community-resized/171.jpg,gamesbyian/INSIDE-ARG,master,images/stickers/resized/171.jpg,7d9d00ef7119a914bce117b306eed384cca9f01c84f4d957f6e347cba61e7006,454,492,JPEG,
178,G,-,derived-community-resize,no,archive/stickers/derived/community-resized/178.png,gamesbyian/INSIDE-ARG,master,images/stickers/resized/178.png,5c3fa63c396a7d51abe6490a30fc263042edf0ff0472c5d57809fc90a0b28c9a,368,351,PNG,
179,H,-,derived-community-resize,no,archive/stickers/derived/community-resized/179.png,gamesbyian/INSIDE-ARG,master,images/stickers/resized/179.png,2c80f133a24f920328c44434ea15382e21e85a7abfb4b2f428becde1cf543571,370,367,PNG,
182,B,-,derived-community-resize,no,archive/stickers/derived/community-resized/182.jpg,gamesbyian/INSIDE-ARG,master,images/stickers/resized/182.jpg,6f1f08660afcaa9a57491c4c4895666b89ed1355a2f6672dc307776714152319,270,268,JPEG,
183,C,-,derived-community-resize,no,archive/stickers/derived/community-resized/183.jpg,gamesbyian/INSIDE-ARG,master,images/stickers/resized/183.jpg,9b4f6389b85446b44db2b5b666799d23e2a67f1e0622e38062f9ef930d4d7120,238,237,JPEG,
184,D,/,derived-community-resize,no,archive/stickers/derived/community-resized/184.jpg,gamesbyian/INSIDE-ARG,master,images/stickers/resized/184.jpg,af7abe50826a50be4366d73d3426ea7b155bc1e3a69b6b88d595d87275d1ac9d,260,261,JPEG,
187,G,/,derived-community-resize,no,archive/stickers/derived/community-resized/187.jpg,gamesbyian/INSIDE-ARG,master,images/stickers/resized/187.jpg,a1bb945a1c34b08e9c92ddb8c0e203847bb02fe50a5f96573d736ba8eb2e3d4d,300,290,JPEG,
193,D,•,derived-community-resize,no,archive/stickers/derived/community-resized/193.jpg,gamesbyian/INSIDE-ARG,master,images/stickers/resized/193.jpg,1d82ef6de52655806c39593b04c897f166ccdf8453a778f5b2882060ea475100,210,209,JPEG,
194,E,/,derived-community-resize,no,archive/stickers/derived/community-resized/194.jpg,gamesbyian/INSIDE-ARG,master,images/stickers/resized/194.jpg,cc7d6314954e5f6573136526a53b4f8dda25ec863933a222a5ab719674e7921c,192,184,JPEG,
206,H,•,derived-community-resize,no,archive/stickers/derived/community-resized/206.jpg,gamesbyian/INSIDE-ARG,master,images/stickers/resized/206.jpg,dffee5ac231cf4b75cd64c7a3dbbe19762de0232874e445c6417124c3138954f,359,357,JPEG,
221,E,/,derived-community-resize,no,archive/stickers/derived/community-resized/221.png,gamesbyian/INSIDE-ARG,master,images/stickers/resized/221.png,eab8f058f067698afabd9270721b0c649bd7fc230d81e64ce7d196444b080d3c,199,233,PNG,
231,F,/,derived-community-resize,no,archive/stickers/derived/community-resized/231.jpg,gamesbyian/INSIDE-ARG,master,images/stickers/resized/231.jpg,b1617f155f43cb84b47af5fcc0af9943401ae32a85930abb7076535484676d74,571,547,JPEG,
242,H,-,derived-community-resize,no,archive/stickers/derived/community-resized/242.jpg,gamesbyian/INSIDE-ARG,master,images/stickers/resized/242.jpg,0b2df7648e8eb87c0ccf1aefdaa7cc6f22e65e57d64c230886f908cd50241b2c,414,393,JPEG,
245,B,/,derived-community-resize,no,archive/stickers/derived/community-resized/245.jpg,gamesbyian/INSIDE-ARG,master,images/stickers/resized/245.jpg,9ff86a7a315ce28fce7fe23039f631cbec0dfcf6d7d49b554530e132d8f893ae,487,484,JPEG,
247,D,-,derived-community-resize,no,archive/stickers/derived/community-resized/247.jpg,gamesbyian/INSIDE-ARG,master,images/stickers/resized/247.jpg,f5458f0c0a9b04e2a88f781abf67f38e53704d9980505f3c9868abed9a56a027,419,410,JPEG,
248,E,/,derived-community-resize,no,archive/stickers/derived/community-resized/248.jpg,gamesbyian/INSIDE-ARG,master,images/stickers/resized/248.jpg,f6dd9873337d1c9f0ee17080a61bcf3fdd1386600381eaa2c8d23872fad01e4b,479,451,JPEG,
252,I,/,derived-community-resize,no,archive/stickers/derived/community-resized/252.jpg,gamesbyian/INSIDE-ARG,master,images/stickers/resized/252.jpg,abac0e3a79826acadec23520302de382b38360c38a715f7c9b282ff1d40c6c6c,203,203,JPEG,
258,F,/,derived-community-resize,no,archive/stickers/derived/community-resized/258.jpg,gamesbyian/INSIDE-ARG,master,images/stickers/resized/258.jpg,bac127580b7c348ec302a0c64d1c501d75e50b9056c2b1e05c5d84a1d3b5021b,330,342,JPEG,
263,B,/,derived-community-resize,no,archive/stickers/derived/community-resized/263.jpg,gamesbyian/INSIDE-ARG,master,images/stickers/resized/263.jpg,8f7bfa76c05c33a038b4a229b22152ff3a38a828709637bbf5193b239c1abc2e,326,324,JPEG,
267,F,-,derived-community-resize,no,archive/stickers/derived/community-resized/267.jpg,gamesbyian/INSIDE-ARG,master,images/stickers/resized/267.jpg,051485333a0f5c59b78e1edc5881588d166d65fcebde35b5e351c8d7de91f4e1,340,342,JPEG,
282,C,/,derived-community-resize,no,archive/stickers/derived/community-resized/282.jpg,gamesbyian/INSIDE-ARG,master,images/stickers/resized/282.jpg,9618eadd3e8c2e7b454044da949aedf49b2ba0ef63fad73424c76a13ee146f80,528,545,JPEG,
296,H,/,derived-community-resize,no,archive/stickers/derived/community-resized/296.jpg,gamesbyian/INSIDE-ARG,master,images/stickers/resized/296.jpg,a501ddc47350d72b2c744fe3cd2ed754c15d2bff9aed7223d3226b2048da4217,300,325,JPEG,
306,I,•,derived-community-resize,no,archive/stickers/derived/community-resized/306.jpeg,gamesbyian/INSIDE-ARG,master,images/stickers/resized/306.jpeg,eb8fa37303f44d74fd92a5162320ef252525308ee01c1f5fec9e9952968c7a31,750,843,JPEG,
312,F,/,derived-community-resize,no,archive/stickers/derived/community-resized/312.png,gamesbyian/INSIDE-ARG,master,images/stickers/resized/312.png,0b1cf2d33417d58fec608185e4bd245827f6cc0be33ec7c51f989b0d1405bf49,395,382,PNG,
324,I,/,derived-community-resize,no,archive/stickers/derived/community-resized/324.jpg,gamesbyian/INSIDE-ARG,master,images/stickers/resized/324.jpg,c72dc9de628fb9d08773a87812561e3467ed3300d9a7298b7fe65f90e39f5835,420,560,JPEG,
328,D,-,derived-community-resize,no,archive/stickers/derived/community-resized/328.jpg,gamesbyian/INSIDE-ARG,master,images/stickers/resized/328.jpg,302155f8a3cb88272f86c1dd26bb384064c777b295321790001f86d8f1a24d8e,433,442,JPEG,
333,I,/,derived-community-resize,no,archive/stickers/derived/community-resized/333.jpg,gamesbyian/INSIDE-ARG,master,images/stickers/resized/333.jpg,831aef5efd321564a53a62a53a22c7bf8adf4f5318e45cc35c11fbd236669ad3,248,234,JPEG,
334,A,-,derived-community-resize,no,archive/stickers/derived/community-resized/334.jpg,gamesbyian/INSIDE-ARG,master,images/stickers/resized/334.jpg,9f86385f9bea968b82746f6eb415f4481033cc88f5d6691d83d7444fd901e631,513,513,JPEG,
336,C,-,derived-community-resize,no,archive/stickers/derived/community-resized/336.jpg,gamesbyian/INSIDE-ARG,master,images/stickers/resized/336.jpg,d9fac70caf2becf1beee99404cb17211f6d1bdde57f6b882a3a74e9afd86feac,500,500,JPEG,
338,E,-,derived-community-resize,no,archive/stickers/derived/community-resized/338.jpg,gamesbyian/INSIDE-ARG,master,images/stickers/resized/338.jpg,617ce6c70247ace1b2ccbdf435e99cd5dcfe9fd855d238472bc0ac53eb9e79c8,460,461,JPEG,
339,F,/,derived-community-resize,no,archive/stickers/derived/community-resized/339.jpg,gamesbyian/INSIDE-ARG,master,images/stickers/resized/339.jpg,9ab936d81b009fcca6991fea5bde9f56ebcbdf1af139ca133fa7cc304d0a6337,397,398,JPEG,
343,A,-,derived-community-resize,no,archive/stickers/derived/community-resized/343.jpg,gamesbyian/INSIDE-ARG,master,images/stickers/resized/343.jpg,af93f6bc0c03f6a8590644600162959cb7077eaf6680c7d356f7f4370f586215,405,401,JPEG,
347,E,-,derived-community-resize,no,archive/stickers/derived/community-resized/347.jpg,gamesbyian/INSIDE-ARG,master,images/stickers/resized/347.jpg,8e0027e66b9dd06d6a7adfe2a3c871bb29d8473c3739b1fa4615a4772bdcb1cd,288,308,JPEG,
354,C,/,derived-community-resize,no,archive/stickers/derived/community-resized/354.jpg,gamesbyian/INSIDE-ARG,master,images/stickers/resized/354.jpg,f3797ee7c804ef95b2681deab81044bbae538fcce14e3c125aabb7cbdcf09bdc,324,304,JPEG,
362,B,/,derived-community-resize,no,archive/stickers/derived/community-resized/362.jpg,gamesbyian/INSIDE-ARG,master,images/stickers/resized/362.jpg,e9730d0e72c1a207ac42cc68837fb23a499b5896bcb1cabb494dc2562a4ffb28,152,152,JPEG,
364,D,/,derived-community-resize,no,archive/stickers/derived/community-resized/364.jpg,gamesbyian/INSIDE-ARG,master,images/stickers/resized/364.jpg,4b59d0c36e94610c016ea986a39dffb3021230459492776553800d7dcd9c6433,261,260,JPEG,
366,F,/,derived-community-resize,no,archive/stickers/derived/community-resized/366.jpg,gamesbyian/INSIDE-ARG,master,images/stickers/resized/366.jpg,86837654a28a4d963e05a8f6bbf5d0d8859a5d53d5b7de57be8b7b9b1fda06f8,420,422,JPEG,
375,F,-,derived-community-resize,no,archive/stickers/derived/community-resized/375.jpg,gamesbyian/INSIDE-ARG,master,images/stickers/resized/375.jpg,438575c2d6cf4be061b95c0b6214321ba8466f07fd8c47eff46509ff886366b4,437,430,JPEG,
384,F,/,derived-community-resize,no,archive/stickers/derived/community-resized/384.png,gamesbyian/INSIDE-ARG,master,images/stickers/resized/384.png,d43b6a2d6d2fe0806be0184658d1f8bd373b5c4fbf9ff2eccfe69174bff969b4,300,342,PNG,
402,F,/,derived-community-resize,no,archive/stickers/derived/community-resized/402.jpg,gamesbyian/INSIDE-ARG,master,images/stickers/resized/402.jpg,ed54d9b60d6a4845c6e9696174721a8dd1c1427d0698b7b4e85fbb8114275763,441,376,JPEG,
405,I,/,derived-community-resize,no,archive/stickers/derived/community-resized/405.jpg,gamesbyian/INSIDE-ARG,master,images/stickers/resized/405.jpg,05bcd23e12e6ce4dc118570c4affcea8e52e037ae1ff7ad483031e2f4aadbe13,344,344,JPEG,
413,H,•,derived-community-resize,no,archive/stickers/derived/community-resized/413.png,gamesbyian/INSIDE-ARG,master,images/stickers/resized/413.png,ddf1c84d1d412d15c0467c35f835ba89fc80fe861ee55de033374c07d2d2dd55,356,322,PNG,
450,I,-,derived-community-resize,no,archive/stickers/derived/community-resized/450.png,gamesbyian/INSIDE-ARG,master,images/stickers/resized/450.png,c5c118f0701330820c255f2803e626588ba1fb68dcb39e0079e98be17fbeeac0,655,607,PNG,
469,A,-,derived-community-resize,no,archive/stickers/derived/community-resized/469.jpg,gamesbyian/INSIDE-ARG,master,images/stickers/resized/469.jpg,95fb222c570e1a7fedf6f5be1ce74513ea8a20c821f55752248ff877a57c52eb,290,233,JPEG,
475,G,/,derived-community-resize,no,archive/stickers/derived/community-resized/475.jpg,gamesbyian/INSIDE-ARG,master,images/stickers/resized/475.jpg,74834cb36dac27801eb81506c3568742345559b266be9414ad79dcc4b76ddc1d,354,354,JPEG,
597,C,-,derived-community-resize,no,archive/stickers/derived/community-resized/597.png,gamesbyian/INSIDE-ARG,master,images/stickers/resized/597.png,b7fa05b51d963f711e52b57cdc8020859908bae0bc45a180c66e26fad70f8daf,151,151,PNG,
