tile,serial,path,source_root,sha256,original_w,original_h,rectification,alignment_score,included,note
A,037,.tmp/background-tile-corpus/037/community-repo/037.jpg,.tmp/background-tile-corpus,66b4371b1aa0b72ff4d5b2648b8bd28612f486d1a9af4a111d4377c969477df4,513,513,quad-p75,,1,
A,037,.tmp/background-tile-corpus/037/community-repo/resized/037.jpg,.tmp/background-tile-corpus,9482f255d7ed392e08a9b7820760f471f749231e65c844d5033e1ca9b9779070,424,400,quad-p75,0.008099,1,
A,118,.tmp/background-tile-corpus/118/community-repo/118.jpg,.tmp/background-tile-corpus,bd206716318d6a7707c5fe39dc8f72b44f087261023120309a1455d743bdd562,1380,1116,quad-p65,,1,
A,118,.tmp/background-tile-corpus/118/community-repo/resized/118.jpg,.tmp/background-tile-corpus,2b76835e3145125e68132682b78aa585aa7a3065c4a5191e53605c3fa4dcf7c3,393,341,quad-p65,0.009848,1,
A,154,.tmp/background-tile-corpus/154/community-repo/154.jpg,.tmp/background-tile-corpus,1aa20df7c47986324a716bd704233dd12c44c7d5a3b44e988a3f2b0259c5ac0e,2735,3778,quad-p55,0.014464,1,
A,154,.tmp/background-tile-corpus/154/community-repo/edited/154.jpg,.tmp/background-tile-corpus,046b8e6a87ce6c658406efa789b586dfb080044c6d318d2c9c0b22f5e9c2e741,1140,1167,quad-p55,,1,
A,154,.tmp/background-tile-corpus/154/community-repo/resized/154.jpg,.tmp/background-tile-corpus,6987b517d1e9f2e850f9788981f133b580ab96267ba2e400c718bf496eb30305,513,465,quad-p75,,1,
A,334,.tmp/background-tile-corpus/334/community-repo/334.jpg,.tmp/background-tile-corpus,9f86385f9bea968b82746f6eb415f4481033cc88f5d6691d83d7444fd901e631,513,513,quad-p75,,1,
A,334,.tmp/background-tile-corpus/334/community-repo/edited/334.png,.tmp/background-tile-corpus,2d23919fc05f1e9331518e6f397733ed20121895d797fff83c12a34c719604f3,627,513,min-area-rect,,1,
A,334,.tmp/background-tile-corpus/334/html/334_000.png,.tmp/background-tile-corpus,b421b00fd1791a1d1ab70dd1e9667f40ca79a8c8673989864f1be092295cd7da,4168,4168,quad-p55,0.008312,1,
A,343,.tmp/background-tile-corpus/343/community-repo/343.jpg,.tmp/background-tile-corpus,838cee8e1569ed25e81eba133f738c99a6abbd5eaecc61a0083a099941654c34,1536,2048,quad-p55,0.023668,1,
A,343,.tmp/background-tile-corpus/343/community-repo/resized/343.jpg,.tmp/background-tile-corpus,af93f6bc0c03f6a8590644600162959cb7077eaf6680c7d356f7f4370f586215,405,401,quad-p55,0.020501,1,
A,469,.tmp/background-tile-corpus/469/community-repo/469.jpg,.tmp/background-tile-corpus,9a755d73c0e588cac5d7cef99a5674886eaa5297af459c0cbb8e06179ace6b42,4032,2268,quad-p65,1.000000,1,
A,469,.tmp/background-tile-corpus/469/community-repo/resized/469.jpg,.tmp/background-tile-corpus,95fb222c570e1a7fedf6f5be1ce74513ea8a20c821f55752248ff877a57c52eb,290,233,quad-p65,,1,
A,478,.tmp/background-tile-corpus/478/community-repo/478.jpg,.tmp/background-tile-corpus,537185b1d094bd722fda7f56b8c575bcf8d8d4ab2e7f4e19113431054ed2fb95,1662,1712,quad-p65,0.019871,1,
A,478,.tmp/background-tile-corpus/478/gallery-dl/twitter/_nintendojames/478_001.jpg,.tmp/background-tile-corpus,5656c9616796a1c7b1464a4bfdd99e3125d1636fceb6fd7548aea3b5e5038bba,1920,1080,quad-p75,0.037075,1,
B,002,.tmp/background-tile-corpus/002/community-repo/002.jpg,.tmp/background-tile-corpus,f0a19fe8c34c947d0a848b7bfbcceeb57255a2634e9681e0170f7092dc8cc560,1276,1427,quad-p75,,1,
B,002,.tmp/background-tile-corpus/002/community-repo/resized/002.jpg,.tmp/background-tile-corpus,dd47bc7e53abfa377e6b3c4521c8ea780731a98e582ff422723f8799c0deb788,479,375,quad-p65,,1,
B,020,.tmp/background-tile-corpus/020/community-repo/020.jpg,.tmp/background-tile-corpus,5937117d19b7351cd729a614f48a7622f941d5bcf08f11ae5f4575b03f707f7e,3024,4032,min-area-rect,1.000000,1,
B,020,.tmp/background-tile-corpus/020/community-repo/resized/020.jpg,.tmp/background-tile-corpus,f0b517f7f87a1e22073c773b160e15fbc9cf0618794a5746d8169d3d4976a4f1,378,379,min-area-rect,0.187489,1,
B,020,.tmp/background-tile-corpus/020/gallery-dl/twitter/KaydHendricks/020_001.jpg,.tmp/background-tile-corpus,2ea8008062d229bf319a1ff78e4519b854206b20415cf6faad85572deb4b333f,1536,2048,min-area-rect,0.063563,1,
B,038,.tmp/background-tile-corpus/038/community-repo/038.jpg,.tmp/background-tile-corpus,d873a59a5abd0f37716d53bccd413ec549fe8230f02f7bbd522d97cd0b287161,364,307,quad-p75,,1,
B,038,.tmp/background-tile-corpus/038/community-repo/resized/038.jpg,.tmp/background-tile-corpus,cc5d6a5aa07f98b307757d7ec20386e5712a5ffc68867ac378ed0e27657e392c,255,239,quad-p65,,1,
B,047,.tmp/background-tile-corpus/047/community-repo/047.jpg,.tmp/background-tile-corpus,ac56c709035a9a7afde6c3354ab5486f3f689571b98fcf8a0c1fb22983138425,1473,1965,quad-p75,0.009100,1,
B,047,.tmp/background-tile-corpus/047/community-repo/resized/047.jpg,.tmp/background-tile-corpus,ce62de79df8978cbc1bc9d2bb798b53b9023c4444814457fa2f5f621db7bbccc,728,851,quad-p75,,1,
B,065,.tmp/background-tile-corpus/065/community-repo/065.jpg,.tmp/background-tile-corpus,7bec73595a716b15f702dcde8063b0027d511d223f12efd8e994380d4b1064d8,138,168,min-area-rect,0.052598,1,
B,092,.tmp/background-tile-corpus/092/community-repo/092.jpg,.tmp/background-tile-corpus,8bc510a1443f09558d0899e054eae1fac8751478c7235b9eb06a769a8ec5f476,2051,1740,min-area-rect,0.179593,1,
B,092,.tmp/background-tile-corpus/092/community-repo/resized/092.jpg,.tmp/background-tile-corpus,04f4f93c978944c3ab113558ed4dbf124d8da2bc870a9bb605a32c79c8a5b505,323,326,quad-p65,,1,
B,164,.tmp/background-tile-corpus/164/community-repo/164.jpg,.tmp/background-tile-corpus,426a9547256a629a0b01d527e820d27b69483736cc11e35a079f26b59b2669d1,1600,1330,quad-p75,0.010780,1,
B,164,.tmp/background-tile-corpus/164/community-repo/resized/164.jpg,.tmp/background-tile-corpus,ee057333a6867774ec6c9014d050058a27bf22e2c1b9d0cac4ad3e346e42b665,275,260,min-area-rect,,1,
B,182,.tmp/background-tile-corpus/182/community-repo/182.jpg,.tmp/background-tile-corpus,550f4ec12160cba1578f2e3231bb91c2288ac98750ea503162656e6c41a62649,3840,2160,quad-p55,,1,
B,182,.tmp/background-tile-corpus/182/community-repo/edited/182.png,.tmp/background-tile-corpus,334088c2cd502a4a5702788f84dd1ad2f8d78b54f6d5e21ef7418f5a58bd6768,1485,1390,min-area-rect,,0,quality reject masked_fraction=0.499 std=37.51
B,182,.tmp/background-tile-corpus/182/community-repo/resized/182.jpg,.tmp/background-tile-corpus,6f1f08660afcaa9a57491c4c4895666b89ed1355a2f6672dc307776714152319,270,268,quad-p55,0.024170,1,
B,245,.tmp/background-tile-corpus/245/community-repo/245.jpg,.tmp/background-tile-corpus,5cc4a64affe59c62dca681ca1d31cd82cd2d1d1d5a60eb6c597af6db042761ee,1080,1920,quad-p65,0.123067,1,
B,245,.tmp/background-tile-corpus/245/community-repo/edited/245.png,.tmp/background-tile-corpus,00cc2d6289fe7551d118c8d885132e6e93e8248706ef4b6c0be18d2a6524199b,1110,1161,min-area-rect,0.043093,1,
B,245,.tmp/background-tile-corpus/245/community-repo/resized/245.jpg,.tmp/background-tile-corpus,9ff86a7a315ce28fce7fe23039f631cbec0dfcf6d7d49b554530e132d8f893ae,487,484,quad-p55,0.006981,1,
B,263,.tmp/background-tile-corpus/263/community-repo/263.jpg,.tmp/background-tile-corpus,a3508d4e1d14122e4b6061d3784859561ed556d0315a99457b332ab0fe9d54b8,1200,900,quad-p65,0.021577,1,
B,263,.tmp/background-tile-corpus/263/community-repo/resized/263.jpg,.tmp/background-tile-corpus,8f7bfa76c05c33a038b4a229b22152ff3a38a828709637bbf5193b239c1abc2e,326,324,quad-p65,,1,
B,317,.tmp/background-tile-corpus/317/community-repo/317.jpg,.tmp/background-tile-corpus,849f2ffc88e67e9f209c757792a5f716555acdc89ca54cdbe758adaa89424d19,1179,1564,min-area-rect,,0,quality reject masked_fraction=0.615 std=46.24
B,317,.tmp/background-tile-corpus/317/html/317_000.jpg,.tmp/background-tile-corpus,6afe6dc23e42093673f1cefd2e8bf53b5067249ef4c033aef15b6fcfb61280d9,1200,630,min-area-rect,,1,
B,317,.tmp/background-tile-corpus/317/html/317_002.webp,.tmp/background-tile-corpus,2aabea6bcbcbc8a880677a855cca5d55a02ed2801d49ab0f3ed93519acb6b6b4,300,400,quad-p65,,1,
B,317,.tmp/background-tile-corpus/317/html/317_003.webp,.tmp/background-tile-corpus,2124f5f445b94c5c2222d166ab13cf355929f740fe8116ed5b332339f5ffc410,300,400,min-area-rect,,1,
B,317,.tmp/background-tile-corpus/317/html/317_004.webp,.tmp/background-tile-corpus,b14dd91b3da011971cb869f6b6398e9409b9cf131f8f9093722ba3e98bcff2ca,300,400,min-area-rect,,1,
B,317,.tmp/background-tile-corpus/317/html/317_005.webp,.tmp/background-tile-corpus,a6c419b10738fbe660821ecb7e644eb8a746dcf28d76e36c168aaa06f59b21cc,300,400,min-area-rect,,1,
B,317,.tmp/background-tile-corpus/317/html/317_006.webp,.tmp/background-tile-corpus,47e61bd24bebbd38fc5505516ec8531c7bf300334a80db86fecd75ae227e5696,185,400,min-area-rect,,1,
B,362,.tmp/background-tile-corpus/362/community-repo/362.jpg,.tmp/background-tile-corpus,115fedc1c0f898965f549da9358d5e4b1058f85799e8e0d42ac1813de797f87d,4032,1960,min-area-rect,,1,
B,362,.tmp/background-tile-corpus/362/community-repo/resized/362.jpg,.tmp/background-tile-corpus,e9730d0e72c1a207ac42cc68837fb23a499b5896bcb1cabb494dc2562a4ffb28,152,152,quad-p65,,1,
B,362,.tmp/background-tile-corpus/362/gallery-dl/twitter/ItsaMeFernando/362_001.jpg,.tmp/background-tile-corpus,4cd342284ee98d74ba6c1f3f2998c5f5dd9d7bec66c121301d20d3cce9da765a,1536,2048,min-area-rect,,1,
B,470,.tmp/background-tile-corpus/470/community-repo/470.jpg,.tmp/background-tile-corpus,cbad717bb29dec4a95cbcdd7f6943c4f277fae5cb60a30a687eff55e6e323302,1200,1600,quad-p55,,0,quality reject masked_fraction=0.564 std=48.52
C,003,.tmp/background-tile-corpus/003/community-repo/003.jpg,.tmp/background-tile-corpus,b8b86c69b5d5cda6f586c84fa6f070646b9a208d7d83b2fee9d3dc16fb94022c,380,383,min-area-rect,0.054155,1,
C,003,.tmp/background-tile-corpus/003/community-repo/edited/003.jpg,.tmp/background-tile-corpus,a73a60d83e1cb62ac1d7ef79a87c89f39c2fb71acf8aadd3c4d48333fa6a5140,434,481,min-area-rect,0.014565,1,
C,021,.tmp/background-tile-corpus/021/community-repo/021.png,.tmp/background-tile-corpus,641b257bdb3532735417444815fa49e7aec680186a8840a619f5bf4980e64c26,967,1349,quad-p55,,1,
C,021,.tmp/background-tile-corpus/021/community-repo/edited/021.jpg,.tmp/background-tile-corpus,e54ab2c85e87b721243db439e1deebf17113892c408b0d74021cf9a97913da9e,1877,2749,min-area-rect,0.067920,1,
C,021,.tmp/background-tile-corpus/021/community-repo/old_021.jpg,.tmp/background-tile-corpus,f26708f10bde840fc142177fbe2d9dd6b41c176e5aa09ad2dff581598953abbd,215,376,quad-p65,,1,
C,021,.tmp/background-tile-corpus/021/community-repo/resized/021.jpg,.tmp/background-tile-corpus,9be44a631d572b6ee46ffa2b0fded611068bfd793e4bd99d94d47601d1626cee,209,265,quad-p55,,1,
C,039,.tmp/background-tile-corpus/039/community-repo/039.jpg,.tmp/background-tile-corpus,d00931f4ae7d349cd063d1a6e9f899494a9738e878498d42bd5c506546417fa6,684,513,min-area-rect,0.073896,1,
C,039,.tmp/background-tile-corpus/039/community-repo/resized/039.jpeg,.tmp/background-tile-corpus,679c6cac95fb846c1fffa5b536114d4dae3235a079dc17abc91b4fa7eab0601b,563,470,quad-p75,,1,
C,039,.tmp/background-tile-corpus/039/gallery-dl/twitter/hubalubalu/039_001.jpg,.tmp/background-tile-corpus,42e843e60a2b906622dcdac2b3a6edacc7eb8bf331c4848ab3460b98fb87d576,2274,982,quad-p55,0.043874,1,
C,039,.tmp/background-tile-corpus/039/gallery-dl/twitter/hubalubalu/039_002.jpg,.tmp/background-tile-corpus,53480d1251c09268fc1489d30dadbee29a3f2915a8d25149a4b9cd9c9ab83ed8,1592,886,min-area-rect,,1,
C,066,.tmp/background-tile-corpus/066/community-repo/066.jpg,.tmp/background-tile-corpus,224eef030dfe7f2ca3fdcc2e96007c2320740ab89a79829f2371323b681d90ce,4032,3024,min-area-rect,0.180108,1,
C,066,.tmp/background-tile-corpus/066/community-repo/edited/066.jpg,.tmp/background-tile-corpus,f7118b6d90d342dc20d1b84a2e54625de4a5fa4490b876d59468ada48632f2df,1471,1472,min-area-rect,1.000000,1,
C,066,.tmp/background-tile-corpus/066/community-repo/resized/066.jpg,.tmp/background-tile-corpus,b97dcd2a12434115b2d74fab65a88b32c0b94ad195ca6f2b393b267056c2bbb9,382,350,quad-p55,,1,
C,156,.tmp/background-tile-corpus/156/community-repo/156.jpg,.tmp/background-tile-corpus,ca388713221fae3dad0340ae9be8f37780a01c78ca07afa7e65ee6648b9565f7,1473,1965,min-area-rect,0.018426,1,
C,156,.tmp/background-tile-corpus/156/community-repo/edited/156.png,.tmp/background-tile-corpus,1ea74444eb29498b0ae0cb2abb7d0bbf8fee14520bcb660a68af74569937d5a2,516,513,min-area-rect,0.131843,1,
C,156,.tmp/background-tile-corpus/156/community-repo/resized/156.jpg,.tmp/background-tile-corpus,8bf78569eeb9a9dadd3656ad19d10fa921dfac71301aa7f42063b1a43c7cab93,407,432,quad-p55,,1,
C,156,.tmp/background-tile-corpus/156/gallery-dl/twitter/x__Asylum/156_001.jpg,.tmp/background-tile-corpus,e7a2ae22f95d1c72e805a657b65f13b1860d87c7a0fe3bdd3f6552e015c69c71,1536,2048,min-area-rect,,1,
C,183,.tmp/background-tile-corpus/183/community-repo/183.jpg,.tmp/background-tile-corpus,4045e620954058910229d4757d1ecc0aa735e2efc8120496f7db635bfd52d042,423,326,quad-p75,0.013168,1,
C,183,.tmp/background-tile-corpus/183/community-repo/resized/183.jpg,.tmp/background-tile-corpus,9b4f6389b85446b44db2b5b666799d23e2a67f1e0622e38062f9ef930d4d7120,238,237,quad-p65,,1,
C,282,.tmp/background-tile-corpus/282/community-repo/282.jpg,.tmp/background-tile-corpus,fc88fdb0e153995a59a779804bf92d684b5ae666e017830ebe13fdccb58dd8a2,1057,1225,quad-p55,,1,
C,282,.tmp/background-tile-corpus/282/community-repo/resized/282.jpg,.tmp/background-tile-corpus,9618eadd3e8c2e7b454044da949aedf49b2ba0ef63fad73424c76a13ee146f80,528,545,quad-p55,,1,
C,336,.tmp/background-tile-corpus/336/community-repo/336.jpg,.tmp/background-tile-corpus,d9fac70caf2becf1beee99404cb17211f6d1bdde57f6b882a3a74e9afd86feac,500,500,quad-p65,0.053396,1,
C,354,.tmp/background-tile-corpus/354/community-repo/354.jpg,.tmp/background-tile-corpus,df5a248c57781c400041dcf82e831dec6d27ccd7819be552dbff7c378495b359,1080,1920,quad-p65,,1,
C,354,.tmp/background-tile-corpus/354/community-repo/resized/354.jpg,.tmp/background-tile-corpus,f3797ee7c804ef95b2681deab81044bbae538fcce14e3c125aabb7cbdcf09bdc,324,304,quad-p55,,1,
C,444,.tmp/background-tile-corpus/444/community-repo/444.png,.tmp/background-tile-corpus,b7eaff7403c88c5962973848c766bd0cfab03c71e8396d491010233ce157c94e,664,567,quad-p65,,1,
C,597,.tmp/background-tile-corpus/597/community-repo/597.png,.tmp/background-tile-corpus,4d08153c0f9a5e8818ec8bfddb3de9639c65fcb7519d063ae2644b501e10ab41,235,254,min-area-rect,,1,
C,597,.tmp/background-tile-corpus/597/community-repo/resized/597.png,.tmp/background-tile-corpus,b7fa05b51d963f711e52b57cdc8020859908bae0bc45a180c66e26fad70f8daf,151,151,quad-p65,,1,
D,184,.tmp/background-tile-corpus/184/community-repo/184.jpg,.tmp/background-tile-corpus,a4d7f783fdbd13cd2c682fb07cfff8773fd6fa21ddeb76ce832c796fcf8f8cd5,3840,2160,quad-p65,,1,
D,184,.tmp/background-tile-corpus/184/community-repo/resized/184.jpg,.tmp/background-tile-corpus,af7abe50826a50be4366d73d3426ea7b155bc1e3a69b6b88d595d87275d1ac9d,260,261,min-area-rect,0.016898,1,
D,193,.tmp/background-tile-corpus/193/community-repo/193.jpg,.tmp/background-tile-corpus,7191140401c8853cf7a2a7f19b583a981cf9a803181ba65ba2db1988e5c74e1e,371,343,min-area-rect,0.040169,1,
D,193,.tmp/background-tile-corpus/193/community-repo/resized/193.jpg,.tmp/background-tile-corpus,1d82ef6de52655806c39593b04c897f166ccdf8453a778f5b2882060ea475100,210,209,quad-p55,,1,
D,247,.tmp/background-tile-corpus/247/community-repo/247.jpg,.tmp/background-tile-corpus,f326350ecfbafe29629ba2c0c343372acb15398dfdfaedaa284e88fd1b0c0b06,2923,1659,quad-p55,0.023227,1,
D,247,.tmp/background-tile-corpus/247/community-repo/resized/247.jpg,.tmp/background-tile-corpus,f5458f0c0a9b04e2a88f781abf67f38e53704d9980505f3c9868abed9a56a027,419,410,min-area-rect,0.012965,1,
D,328,.tmp/background-tile-corpus/328/community-repo/328.jpg,.tmp/background-tile-corpus,b94a20ea14e38dec0fe347000564503bd2001d0134e34e2c8b2f0deaef55b81b,1351,1739,quad-p55,,1,
D,328,.tmp/background-tile-corpus/328/community-repo/edited/328.jpg,.tmp/background-tile-corpus,1a8ef3e9af32b2ab1383acc0aea7c19e7905173188427bd0c77c3d61596c9e91,1114,1109,min-area-rect,,0,quality reject masked_fraction=0.480 std=39.67
D,328,.tmp/background-tile-corpus/328/community-repo/resized/328.jpg,.tmp/background-tile-corpus,302155f8a3cb88272f86c1dd26bb384064c777b295321790001f86d8f1a24d8e,433,442,quad-p55,,1,
D,364,.tmp/background-tile-corpus/364/community-repo/364.jpg,.tmp/background-tile-corpus,4ca3156bcefdeb58534c5b29a7d362a2f34c3ec6c7e570cfbae0485b7c8fb40d,2448,3264,quad-p55,,1,
D,364,.tmp/background-tile-corpus/364/community-repo/resized/364.jpg,.tmp/background-tile-corpus,4b59d0c36e94610c016ea986a39dffb3021230459492776553800d7dcd9c6433,261,260,quad-p75,,1,
D,436,.tmp/background-tile-corpus/436/community-repo/436.png,.tmp/background-tile-corpus,48e57790d3b2d84760f59528669cbf534d1078565db0a46d439ef2ef0a63ae7b,462,451,quad-p65,,1,
D,436,.tmp/background-tile-corpus/436/gallery-dl/twitter/fjordofmike/436_001.jpg,.tmp/background-tile-corpus,91e941b37937fcaa4f8e86191f2958df557556092538a86037bb2dbd212f6203,2048,1536,min-area-rect,1.000000,1,
D,445,.tmp/background-tile-corpus/445/community-repo/445.jpg,.tmp/background-tile-corpus,03b6c3e1068a3c0ea8e719a96711aa92f6d35469d847dc78ac1479e7975c884d,1600,1200,min-area-rect,,1,
E,032,.tmp/background-tile-corpus/032/community-repo/032.jpg,.tmp/background-tile-corpus,5f9b56f403f6c6394fdc83e1f6bb1fac923b8aa4f3f6c77089146a92ef0c21bb,2832,3721,quad-p55,0.035076,1,
E,032,.tmp/background-tile-corpus/032/community-repo/edited/032.jpg,.tmp/background-tile-corpus,12f013bea40d32b156f6ba408a0183679345ba6b26627ea73d85acfa3825705b,2809,3037,min-area-rect,1.000000,1,
E,032,.tmp/background-tile-corpus/032/community-repo/resized/032.jpg,.tmp/background-tile-corpus,7e30379bef535bdef33478b6e43c1b88206e22243f17c75b5fc4dcc27a5896c5,353,415,quad-p55,0.008961,1,
E,059,.tmp/background-tile-corpus/059/community-repo/059.jpg,.tmp/background-tile-corpus,854a12d458dd72e73588b4d333deed33d098b3e06e441be5551770be16e23160,4032,3024,quad-p55,,1,
E,059,.tmp/background-tile-corpus/059/community-repo/edited/059.jpg,.tmp/background-tile-corpus,da8898cad8ae4a39daf816e54ca1d60fcdb74b0d3e79d9e2611c6c14d0b63f7a,640,853,min-area-rect,,1,
E,059,.tmp/background-tile-corpus/059/community-repo/resized/059.jpg,.tmp/background-tile-corpus,92455e4ae6f595c20e5d54cd61604d4cad4937b88410fdef58ec5524aa692887,567,755,min-area-rect,0.032041,1,
E,095,.tmp/background-tile-corpus/095/community-repo/095.jpg,.tmp/background-tile-corpus,aaff085d0b1a89967596fe59477ca141b60941f4cd967aabf0bf8999475cdc07,3264,2448,quad-p55,,1,
E,095,.tmp/background-tile-corpus/095/community-repo/edited/095.jpg,.tmp/background-tile-corpus,ecbb536c7944b14571a33284431a0de19aaa4632aa65e8d23bfe5a558bf25fe9,640,853,quad-p55,0.015597,1,
E,095,.tmp/background-tile-corpus/095/community-repo/resized/095.jpg,.tmp/background-tile-corpus,34710f93885e189e373d99e39a5453884ce8d95d40514d5a6469e4e806473d7d,536,540,min-area-rect,0.014171,1,
E,194,.tmp/background-tile-corpus/194/community-repo/194.jpg,.tmp/background-tile-corpus,69906727dc0211f785ef0f382bb7f8fd8bcecbfff99ac553c79246d3baddfa96,363,418,min-area-rect,0.043599,1,
E,194,.tmp/background-tile-corpus/194/community-repo/resized/194.jpg,.tmp/background-tile-corpus,cc7d6314954e5f6573136526a53b4f8dda25ec863933a222a5ab719674e7921c,192,184,quad-p55,,1,
E,221,.tmp/background-tile-corpus/221/community-repo/221.png,.tmp/background-tile-corpus,745b9d0955ad71ed8ea46d74b033bd597bdbb326071ee92386edd00c49866905,262,314,quad-p65,,1,
E,221,.tmp/background-tile-corpus/221/community-repo/resized/221.png,.tmp/background-tile-corpus,eab8f058f067698afabd9270721b0c649bd7fc230d81e64ce7d196444b080d3c,199,233,min-area-rect,,1,
E,248,.tmp/background-tile-corpus/248/community-repo/248.jpg,.tmp/background-tile-corpus,470dab118547a71c30c20a2fc94543d51792de19661f503bf1edf0c5fab382c4,2943,1872,quad-p75,0.041351,1,
E,248,.tmp/background-tile-corpus/248/community-repo/resized/248.jpg,.tmp/background-tile-corpus,f6dd9873337d1c9f0ee17080a61bcf3fdd1386600381eaa2c8d23872fad01e4b,479,451,quad-p55,,1,
E,338,.tmp/background-tile-corpus/338/community-repo/338.jpg,.tmp/background-tile-corpus,a7062a664485b0c4297de072b3c207408e3040933a15e87ab9307a081236cca7,2048,1536,min-area-rect,0.110012,1,
E,338,.tmp/background-tile-corpus/338/community-repo/resized/338.jpg,.tmp/background-tile-corpus,617ce6c70247ace1b2ccbdf435e99cd5dcfe9fd855d238472bc0ac53eb9e79c8,460,461,quad-p75,,1,
E,338,.tmp/background-tile-corpus/338/gallery-dl/twitter/NicelyNeatly/338_001.jpg,.tmp/background-tile-corpus,e38a5198388284d353630a791e872c2e3d4380c37086702569af5872a7a6f693,1536,2048,min-area-rect,0.048740,1,
E,347,.tmp/background-tile-corpus/347/community-repo/347.jpg,.tmp/background-tile-corpus,867f9641171001b9cb8baefef3e8ced388d8f01fb87b7ee81dda268d353dc405,288,453,quad-p55,0.009186,1,
E,347,.tmp/background-tile-corpus/347/community-repo/resized/347.jpg,.tmp/background-tile-corpus,8e0027e66b9dd06d6a7adfe2a3c871bb29d8473c3739b1fa4615a4772bdcb1cd,288,308,quad-p65,0.018832,1,
F,123,.tmp/background-tile-corpus/123/community-repo/123.jpg,.tmp/background-tile-corpus,05a1bad06f23f3f0c887a84b34dd327cf529bb50c5cd81811a1f820d9d1972bf,2048,1536,quad-p55,,1,
F,123,.tmp/background-tile-corpus/123/community-repo/resized/123.jpg,.tmp/background-tile-corpus,99d6301f6b42614d8c782b7939b3dc44ff3e80404a793380bfbc14cbbbc2b97a,477,333,quad-p75,0.038835,1,
F,132,.tmp/background-tile-corpus/132/community-repo/132.jpg,.tmp/background-tile-corpus,2afb3d214ef416fb92de005ebab571705cb109f9851781a30a4214085f539bef,2257,2291,min-area-rect,,1,
F,132,.tmp/background-tile-corpus/132/community-repo/resized/132.jpeg,.tmp/background-tile-corpus,ad44c2dc2ddca9093bb33c7ff3c23c582a3db6711baf3f500a6c76faa4ffb58f,564,563,quad-p55,,1,
F,231,.tmp/background-tile-corpus/231/community-repo/231.jpg,.tmp/background-tile-corpus,cfb2d1403445dabab129586fb99d7d402f30b97af4937dfbdb5bc12558def2f4,730,894,min-area-rect,,1,
F,231,.tmp/background-tile-corpus/231/community-repo/resized/231.jpg,.tmp/background-tile-corpus,b1617f155f43cb84b47af5fcc0af9943401ae32a85930abb7076535484676d74,571,547,min-area-rect,0.045592,1,
F,258,.tmp/background-tile-corpus/258/community-repo/258.jpg,.tmp/background-tile-corpus,34529ecd443bac112f73637ddc73d68a03e50679a5af79f8549ab32272a18042,356,474,min-area-rect,,1,
F,258,.tmp/background-tile-corpus/258/community-repo/resized/258.jpg,.tmp/background-tile-corpus,bac127580b7c348ec302a0c64d1c501d75e50b9056c2b1e05c5d84a1d3b5021b,330,342,min-area-rect,0.048736,1,
F,267,.tmp/background-tile-corpus/267/community-repo/267.jpg,.tmp/background-tile-corpus,0640c8b37a521763b5fddb1ad2819f0b293c0f3318025a6be9beb86812309b83,385,513,min-area-rect,,1,
F,267,.tmp/background-tile-corpus/267/community-repo/resized/267.jpg,.tmp/background-tile-corpus,051485333a0f5c59b78e1edc5881588d166d65fcebde35b5e351c8d7de91f4e1,340,342,min-area-rect,0.010174,1,
F,312,.tmp/background-tile-corpus/312/community-repo/312.png,.tmp/background-tile-corpus,0b1cf2d33417d58fec608185e4bd245827f6cc0be33ec7c51f989b0d1405bf49,395,382,quad-p55,,1,
F,312,.tmp/background-tile-corpus/312/community-repo/edited/312.jpg,.tmp/background-tile-corpus,5384d2be2ffad844c8e2b672730e2f1825218a5c475ac60b9777c28104b9c2d3,749,1539,min-area-rect,1.000000,1,
F,339,.tmp/background-tile-corpus/339/community-repo/339.jpg,.tmp/background-tile-corpus,122d1389536b6a133bc9772ba31426810a15355ec2542baa9b3d6ed40951206b,994,1226,quad-p65,,1,
F,339,.tmp/background-tile-corpus/339/community-repo/resized/339.jpg,.tmp/background-tile-corpus,9ab936d81b009fcca6991fea5bde9f56ebcbdf1af139ca133fa7cc304d0a6337,397,398,quad-p65,0.038378,1,
F,366,.tmp/background-tile-corpus/366/community-repo/366.jpg,.tmp/background-tile-corpus,efeae2731e30ede9b7c80e857668351727aec4050af01e8d3c3fc72867f07801,1536,2048,quad-p55,,1,
F,366,.tmp/background-tile-corpus/366/community-repo/resized/366.jpg,.tmp/background-tile-corpus,86837654a28a4d963e05a8f6bbf5d0d8859a5d53d5b7de57be8b7b9b1fda06f8,420,422,quad-p65,0.040069,1,
F,375,.tmp/background-tile-corpus/375/community-repo/375.jpg,.tmp/background-tile-corpus,105399775279d203792acd1c5a5f97fdd27b89e45b3cdd344c4f14e935f93ca6,1759,1433,min-area-rect,0.031873,1,
F,375,.tmp/background-tile-corpus/375/community-repo/resized/375.jpg,.tmp/background-tile-corpus,438575c2d6cf4be061b95c0b6214321ba8466f07fd8c47eff46509ff886366b4,437,430,min-area-rect,0.027337,1,
F,384,.tmp/background-tile-corpus/384/community-repo/384.png,.tmp/background-tile-corpus,d151772491965aae34f24a4083d3a945650c5d2153027b5b4afe03c2393d424c,750,1125,quad-p55,,1,
F,384,.tmp/background-tile-corpus/384/community-repo/resized/384.png,.tmp/background-tile-corpus,d43b6a2d6d2fe0806be0184658d1f8bd373b5c4fbf9ff2eccfe69174bff969b4,300,342,min-area-rect,0.025189,1,
F,384,.tmp/background-tile-corpus/384/html/384_000.jpg,.tmp/background-tile-corpus,05d4f3f243970d98984156046577b34a81e1681db3230de40f6d07957235ae4c,640,640,min-area-rect,0.010484,1,
F,393,.tmp/background-tile-corpus/393/community-repo/393.jpg,.tmp/background-tile-corpus,1c6f11b561bada19a2a86dbb48e81180fbeb7d2982e76311cb980f8e2fdfe86b,816,823,quad-p55,0.017483,1,
F,402,.tmp/background-tile-corpus/402/community-repo/402.jpg,.tmp/background-tile-corpus,8dde4af980221256e8826a74bd0a11ecc4486d5bf5ba832888a3944566ec3b9c,4000,3000,min-area-rect,,1,
F,402,.tmp/background-tile-corpus/402/community-repo/resized/402.jpg,.tmp/background-tile-corpus,ed54d9b60d6a4845c6e9696174721a8dd1c1427d0698b7b4e85fbb8114275763,441,376,quad-p55,,1,
G,097,.tmp/background-tile-corpus/097/community-repo/097.jpg,.tmp/background-tile-corpus,0e9b5c97eca68bdcc0cee2ae49fc7aca8fc37fd791dbc955281367fd209b2bf0,2976,3968,quad-p55,0.021317,1,
G,097,.tmp/background-tile-corpus/097/community-repo/edited/097.png,.tmp/background-tile-corpus,4df82dfac565b4d31cbacf33d107e5bdc117baa57eece3735466125b18acea72,898,898,min-area-rect,,1,
G,097,.tmp/background-tile-corpus/097/community-repo/resized/097.jpg,.tmp/background-tile-corpus,7c7bcf23a66671501bf96ffda1a1ed19984a058a380ae4ba523c9f3f4eade80e,562,603,quad-p55,0.042817,1,
G,178,.tmp/background-tile-corpus/178/community-repo/178.png,.tmp/background-tile-corpus,26cb0bdf924e086b396aceebc9af1d0894feb951484a5d322d344410bf3870b1,625,589,quad-p55,0.028362,1,
G,178,.tmp/background-tile-corpus/178/community-repo/resized/178.png,.tmp/background-tile-corpus,5c3fa63c396a7d51abe6490a30fc263042edf0ff0472c5d57809fc90a0b28c9a,368,351,quad-p55,0.033471,1,
G,187,.tmp/background-tile-corpus/187/community-repo/187.jpg,.tmp/background-tile-corpus,b613e8e2e6191f637e6cef1098dcfc1b30155f5116d461d4aca33c408049eb26,385,513,quad-p65,0.012377,1,
G,187,.tmp/background-tile-corpus/187/community-repo/resized/187.jpg,.tmp/background-tile-corpus,a1bb945a1c34b08e9c92ddb8c0e203847bb02fe50a5f96573d736ba8eb2e3d4d,300,290,quad-p55,0.013008,1,
G,187,.tmp/background-tile-corpus/187/html/187_000.jpg,.tmp/background-tile-corpus,ca310cd84a9ebcb538d47d16c0a5eb45184ccaaa70e09e3a932e9a6d7886440f,640,640,min-area-rect,0.021359,1,
G,223,.tmp/background-tile-corpus/223/community-repo/223.jpg,.tmp/background-tile-corpus,817fdfdbec190341cb3832cfa8a404a1eb5855297339bae3b823bfb03d5c82b2,1600,1200,min-area-rect,0.022374,1,
G,223,.tmp/background-tile-corpus/223/html/223_000.jpg,.tmp/background-tile-corpus,8d39d4fa7e95f3e292c6a3e10ca9745f1525bd213bdde1c225b0bd991cd8ef93,900,900,quad-p55,,1,
G,475,.tmp/background-tile-corpus/475/community-repo/475.jpg,.tmp/background-tile-corpus,473f8341c1e8ee376ce782f11a7262f501ca79e510e43ac2387fb98d8edc13df,3024,4032,min-area-rect,1.000000,1,
G,475,.tmp/background-tile-corpus/475/community-repo/resized/475.jpg,.tmp/background-tile-corpus,74834cb36dac27801eb81506c3568742345559b266be9414ad79dcc4b76ddc1d,354,354,min-area-rect,0.025145,1,
H,053,.tmp/background-tile-corpus/053/community-repo/053.jpg,.tmp/background-tile-corpus,e9a30e96e5c22e89128c021972ab7e1dae43686757c787e9fdcb0980f2895035,3024,4032,min-area-rect,0.052451,1,
H,053,.tmp/background-tile-corpus/053/community-repo/resized/053.jpg,.tmp/background-tile-corpus,b79b9401305634f9642a4d40f86665daa25cd5447955636c178048d53c511a4e,451,604,min-area-rect,0.069748,1,
H,125,.tmp/background-tile-corpus/125/community-repo/125.jpg,.tmp/background-tile-corpus,fef0d687f4424dd0e2533de4e8e25452ac2a25249ec7293c2c87da8b5f92ebc6,385,513,quad-p55,,1,
H,125,.tmp/background-tile-corpus/125/community-repo/resized/125.jpg,.tmp/background-tile-corpus,8b268f9533dff1d50445a4da2957b40ea5db4a6d4ecb145a573a70fa314f08b8,360,376,quad-p55,,1,
H,125,.tmp/background-tile-corpus/125/gallery-dl/twitter/CrossingSouls18/125_001.jpg,.tmp/background-tile-corpus,b26a153ac68b6dd402d6b2dd32491cb47f55946581c637c6adde111c2112c820,768,1024,min-area-rect,0.033407,1,
H,179,.tmp/background-tile-corpus/179/community-repo/179.png,.tmp/background-tile-corpus,2afc990c698284959d16ceaf0564a63a45864e5339efda4efda847658f5ab8ce,595,608,quad-p55,0.037662,1,
H,179,.tmp/background-tile-corpus/179/community-repo/resized/179.png,.tmp/background-tile-corpus,2c80f133a24f920328c44434ea15382e21e85a7abfb4b2f428becde1cf543571,370,367,quad-p55,,1,
H,206,.tmp/background-tile-corpus/206/community-repo/206.jpg,.tmp/background-tile-corpus,cb26ee0c214e36ba11efe219899c221be8a44f8186b481a8279e69ffc5a79164,385,514,quad-p75,0.017875,1,
H,206,.tmp/background-tile-corpus/206/community-repo/resized/206.jpg,.tmp/background-tile-corpus,dffee5ac231cf4b75cd64c7a3dbbe19762de0232874e445c6417124c3138954f,359,357,quad-p65,0.018575,1,
H,206,.tmp/background-tile-corpus/206/gallery-dl/twitter/triplizard/206_001.jpg,.tmp/background-tile-corpus,72bb6fd6eda1687a2748139da05cce0a0e59222cf3a6b4f8cd61c22c9837a547,2048,1536,quad-p75,,0,quality reject masked_fraction=0.000 std=0.00
H,242,.tmp/background-tile-corpus/242/community-repo/242.jpg,.tmp/background-tile-corpus,0b2df7648e8eb87c0ccf1aefdaa7cc6f22e65e57d64c230886f908cd50241b2c,414,393,min-area-rect,,1,
H,242,.tmp/background-tile-corpus/242/community-repo/edited/242.jpg,.tmp/background-tile-corpus,36145ac0d29fa974155827e0b8a94e1b192ee44313c4cb77541d42f2eda36366,640,627,min-area-rect,0.057977,1,
H,296,.tmp/background-tile-corpus/296/community-repo/296.jpg,.tmp/background-tile-corpus,9c079f824602ced58a9a60791e6829fbc3c5bd0646c5d2e690919451463e9815,750,1000,min-area-rect,,0,quality reject masked_fraction=0.672 std=49.62
H,296,.tmp/background-tile-corpus/296/community-repo/resized/296.jpg,.tmp/background-tile-corpus,a501ddc47350d72b2c744fe3cd2ed754c15d2bff9aed7223d3226b2048da4217,300,325,quad-p65,,1,
H,296,.tmp/background-tile-corpus/296/html/296_000.jpg,.tmp/background-tile-corpus,fc843e294f05f40144a22e5e647a1b49b6fc0933eb6ab5fa3b537ff07e34a425,640,640,min-area-rect,0.038165,1,
H,413,.tmp/background-tile-corpus/413/community-repo/413.png,.tmp/background-tile-corpus,ad4fba92d3acaee244c5330a661a750eb173eea6298d5e54aad9b171b3904f82,535,584,quad-p65,,1,
H,413,.tmp/background-tile-corpus/413/community-repo/resized/413.png,.tmp/background-tile-corpus,ddf1c84d1d412d15c0467c35f835ba89fc80fe861ee55de033374c07d2d2dd55,356,322,quad-p55,,1,
H,413,.tmp/background-tile-corpus/413/gallery-dl/twitter/MinnMaxShow/413_001.jpg,.tmp/background-tile-corpus,eff7d271a2076c2a81e78bc9472486e11bdf7bfad937b9832b93bce0235162b2,1920,1080,min-area-rect,1.000000,1,
H,413,.tmp/background-tile-corpus/413/gallery-dl/twitter/MinnMaxShow/413_002.jpg,.tmp/background-tile-corpus,75bb4d1777ead9ae31726b15e56c6233acb07a84b6c86ad4994390f736672066,1920,1080,quad-p55,,1,
H,449,.tmp/background-tile-corpus/449/community-repo/449.jpg,.tmp/background-tile-corpus,0d0a92b862bb9ea08985b654983f0c233682465c5374ec50c8c53c415b4a0e4e,1940,1958,min-area-rect,,1,
H,476,.tmp/background-tile-corpus/476/community-repo/476.jpg,.tmp/background-tile-corpus,5b182f846106d8c4daab665a6f03e8c5629a09c6586807e029abb8a66076a80f,2252,4000,min-area-rect,,1,
I,063,.tmp/background-tile-corpus/063/community-repo/063.webp,.tmp/background-tile-corpus,86442394cbf1b509d364670c4df6f9f794a1d2be937c5aba73ecbfb58bc9bba2,1024,757,quad-p75,0.031525,1,
I,072,.tmp/background-tile-corpus/072/community-repo/072.jpg,.tmp/background-tile-corpus,d10d7c3e5e4332ed37f8b1b44667a80654cbceda15824d373284fa3ee8260bd9,3024,4032,quad-p55,,1,
I,126,.tmp/background-tile-corpus/126/community-repo/126.jpg,.tmp/background-tile-corpus,3628bc94ca52c8b50457fb2efc6afc7487820c50f3d0256f5fc35971688a1d4b,2440,1651,quad-p75,0.039204,1,
I,126,.tmp/background-tile-corpus/126/community-repo/resized/126.jpg,.tmp/background-tile-corpus,6806d182221f289707c0afc4922dd3fa8e8be955e8c2ce54a3586aa17337333d,392,355,quad-p65,0.040189,1,
I,171,.tmp/background-tile-corpus/171/community-repo/171.jpg,.tmp/background-tile-corpus,fc1bde45ecc8c7504c81729c3ec4fdebd60af83e3c649630fce63a21eaa068db,3024,4032,min-area-rect,0.060762,1,
I,171,.tmp/background-tile-corpus/171/community-repo/edited/171.jpg,.tmp/background-tile-corpus,6afb6d3c675496b8370e76439cd5060ed6bb3d15b3e3d04fb2f56c58364f62a9,640,853,min-area-rect,1.000000,1,
I,171,.tmp/background-tile-corpus/171/community-repo/resized/171.jpg,.tmp/background-tile-corpus,7d9d00ef7119a914bce117b306eed384cca9f01c84f4d957f6e347cba61e7006,454,492,min-area-rect,,1,
I,252,.tmp/background-tile-corpus/252/community-repo/252.jpg,.tmp/background-tile-corpus,3bef04635c774b552745a27621e2aa609e92b4109daad143dc9b511c9c893d1f,374,269,min-area-rect,,1,
I,252,.tmp/background-tile-corpus/252/community-repo/resized/252.jpg,.tmp/background-tile-corpus,abac0e3a79826acadec23520302de382b38360c38a715f7c9b282ff1d40c6c6c,203,203,quad-p55,,1,
I,306,.tmp/background-tile-corpus/306/community-repo/306.jpg,.tmp/background-tile-corpus,eb8fa37303f44d74fd92a5162320ef252525308ee01c1f5fec9e9952968c7a31,750,843,min-area-rect,0.020502,1,
I,324,.tmp/background-tile-corpus/324/community-repo/324.jpg,.tmp/background-tile-corpus,fecbe1a974191f6327c228921ffffff203dc00df7ed7af1e71b18fdfbcb52408,1536,2048,min-area-rect,0.099711,1,
I,324,.tmp/background-tile-corpus/324/community-repo/resized/324.jpg,.tmp/background-tile-corpus,c72dc9de628fb9d08773a87812561e3467ed3300d9a7298b7fe65f90e39f5835,420,560,min-area-rect,0.038915,1,
I,324,.tmp/background-tile-corpus/324/gallery-dl/twitter/ItsaMeFernando/324_001.jpg,.tmp/background-tile-corpus,96de31a0640976b94b903c6589c0414b40af79b1cfd54f727f5e70bf5acc3a94,2048,1536,min-area-rect,0.062636,1,
I,324,.tmp/background-tile-corpus/324/gallery-dl/twitter/ItsaMeFernando/324_002.jpg,.tmp/background-tile-corpus,6c92c2b57dbc504a7c0ecac8a6736788f668c6f8a64e5572d5d088844b6a499d,2048,1536,min-area-rect,,1,
I,324,.tmp/background-tile-corpus/324/gallery-dl/twitter/ItsaMeFernando/324_003.jpg,.tmp/background-tile-corpus,97c7a070ac984042b5155260064255b7d39af97444a396fef87ce30f7a8d4f9a,2048,1536,min-area-rect,,1,
I,324,.tmp/background-tile-corpus/324/gallery-dl/twitter/ItsaMeFernando/324_004.jpg,.tmp/background-tile-corpus,83e0d17686fe321bc50d6e9f13422ebbace1c3efea4d2e7c8d3526583bcfa13c,2048,1536,min-area-rect,,1,
I,333,.tmp/background-tile-corpus/333/community-repo/333.jpg,.tmp/background-tile-corpus,f445f534efb0e5c83dd68c71c4f0e1a6b8032f30c1fc9f1bf795f95b46909e45,333,274,quad-p75,,1,
I,333,.tmp/background-tile-corpus/333/community-repo/resized/333.jpg,.tmp/background-tile-corpus,831aef5efd321564a53a62a53a22c7bf8adf4f5318e45cc35c11fbd236669ad3,248,234,quad-p65,,1,
I,405,.tmp/background-tile-corpus/405/community-repo/405.jpg,.tmp/background-tile-corpus,f46cfa8bab23c83f63bf806741ea7d0a3c97354ec26d031c4c910372637e570b,1758,2345,quad-p75,,1,
I,405,.tmp/background-tile-corpus/405/community-repo/resized/405.jpg,.tmp/background-tile-corpus,05bcd23e12e6ce4dc118570c4affcea8e52e037ae1ff7ad483031e2f4aadbe13,344,344,quad-p65,0.012738,1,
I,450,.tmp/background-tile-corpus/450/community-repo/450.jpg,.tmp/background-tile-corpus,359eea29b6c8be18a7656c20e4130c8bf4fa48d452ae994735cd4892b3fff7e7,3000,4000,quad-p55,,0,quality reject masked_fraction=0.478 std=49.33
I,450,.tmp/background-tile-corpus/450/community-repo/resized/450.png,.tmp/background-tile-corpus,c5c118f0701330820c255f2803e626588ba1fb68dcb39e0079e98be17fbeeac0,655,607,quad-p65,0.036498,1,
