serial,kind,url,path,status,sha256,note
2,community-repo,,.tmp/background-tile-corpus/002/community-repo/002.jpg,ok,f0a19fe8c34c947d0a848b7bfbcceeb57255a2634e9681e0170f7092dc8cc560,002.jpg
3,community-repo,,.tmp/background-tile-corpus/003/community-repo/003.jpg,ok,b8b86c69b5d5cda6f586c84fa6f070646b9a208d7d83b2fee9d3dc16fb94022c,003.jpg
20,community-repo,,.tmp/background-tile-corpus/020/community-repo/020.jpg,ok,5937117d19b7351cd729a614f48a7622f941d5bcf08f11ae5f4575b03f707f7e,020.jpg
21,community-repo,,.tmp/background-tile-corpus/021/community-repo/021.png,ok,641b257bdb3532735417444815fa49e7aec680186a8840a619f5bf4980e64c26,021.png
32,community-repo,,.tmp/background-tile-corpus/032/community-repo/032.jpg,ok,5f9b56f403f6c6394fdc83e1f6bb1fac923b8aa4f3f6c77089146a92ef0c21bb,032.jpg
37,community-repo,,.tmp/background-tile-corpus/037/community-repo/037.jpg,ok,66b4371b1aa0b72ff4d5b2648b8bd28612f486d1a9af4a111d4377c969477df4,037.jpg
38,community-repo,,.tmp/background-tile-corpus/038/community-repo/038.jpg,ok,d873a59a5abd0f37716d53bccd413ec549fe8230f02f7bbd522d97cd0b287161,038.jpg
39,community-repo,,.tmp/background-tile-corpus/039/community-repo/039.jpg,ok,d00931f4ae7d349cd063d1a6e9f899494a9738e878498d42bd5c506546417fa6,039.jpg
47,community-repo,,.tmp/background-tile-corpus/047/community-repo/047.jpg,ok,ac56c709035a9a7afde6c3354ab5486f3f689571b98fcf8a0c1fb22983138425,047.jpg
53,community-repo,,.tmp/background-tile-corpus/053/community-repo/053.jpg,ok,e9a30e96e5c22e89128c021972ab7e1dae43686757c787e9fdcb0980f2895035,053.jpg
59,community-repo,,.tmp/background-tile-corpus/059/community-repo/059.jpg,ok,854a12d458dd72e73588b4d333deed33d098b3e06e441be5551770be16e23160,059.jpg
63,community-repo,,.tmp/background-tile-corpus/063/community-repo/063.webp,ok,86442394cbf1b509d364670c4df6f9f794a1d2be937c5aba73ecbfb58bc9bba2,063.webp
65,community-repo,,.tmp/background-tile-corpus/065/community-repo/065.jpg,ok,7bec73595a716b15f702dcde8063b0027d511d223f12efd8e994380d4b1064d8,065.jpg
66,community-repo,,.tmp/background-tile-corpus/066/community-repo/066.jpg,ok,224eef030dfe7f2ca3fdcc2e96007c2320740ab89a79829f2371323b681d90ce,066.jpg
72,community-repo,,.tmp/background-tile-corpus/072/community-repo/072.jpg,ok,d10d7c3e5e4332ed37f8b1b44667a80654cbceda15824d373284fa3ee8260bd9,072.jpg
92,community-repo,,.tmp/background-tile-corpus/092/community-repo/092.jpg,ok,8bc510a1443f09558d0899e054eae1fac8751478c7235b9eb06a769a8ec5f476,092.jpg
95,community-repo,,.tmp/background-tile-corpus/095/community-repo/095.jpg,ok,aaff085d0b1a89967596fe59477ca141b60941f4cd967aabf0bf8999475cdc07,095.jpg
97,community-repo,,.tmp/background-tile-corpus/097/community-repo/097.jpg,ok,0e9b5c97eca68bdcc0cee2ae49fc7aca8fc37fd791dbc955281367fd209b2bf0,097.jpg
118,community-repo,,.tmp/background-tile-corpus/118/community-repo/118.jpg,ok,bd206716318d6a7707c5fe39dc8f72b44f087261023120309a1455d743bdd562,118.jpg
123,community-repo,,.tmp/background-tile-corpus/123/community-repo/123.jpg,ok,05a1bad06f23f3f0c887a84b34dd327cf529bb50c5cd81811a1f820d9d1972bf,123.jpg
125,community-repo,,.tmp/background-tile-corpus/125/community-repo/125.jpg,ok,fef0d687f4424dd0e2533de4e8e25452ac2a25249ec7293c2c87da8b5f92ebc6,125.jpg
126,community-repo,,.tmp/background-tile-corpus/126/community-repo/126.jpg,ok,3628bc94ca52c8b50457fb2efc6afc7487820c50f3d0256f5fc35971688a1d4b,126.jpg
132,community-repo,,.tmp/background-tile-corpus/132/community-repo/132.jpg,ok,2afb3d214ef416fb92de005ebab571705cb109f9851781a30a4214085f539bef,132.jpg
154,community-repo,,.tmp/background-tile-corpus/154/community-repo/154.jpg,ok,1aa20df7c47986324a716bd704233dd12c44c7d5a3b44e988a3f2b0259c5ac0e,154.jpg
156,community-repo,,.tmp/background-tile-corpus/156/community-repo/156.jpg,ok,ca388713221fae3dad0340ae9be8f37780a01c78ca07afa7e65ee6648b9565f7,156.jpg
164,community-repo,,.tmp/background-tile-corpus/164/community-repo/164.jpg,ok,426a9547256a629a0b01d527e820d27b69483736cc11e35a079f26b59b2669d1,164.jpg
171,community-repo,,.tmp/background-tile-corpus/171/community-repo/171.jpg,ok,fc1bde45ecc8c7504c81729c3ec4fdebd60af83e3c649630fce63a21eaa068db,171.jpg
178,community-repo,,.tmp/background-tile-corpus/178/community-repo/178.png,ok,26cb0bdf924e086b396aceebc9af1d0894feb951484a5d322d344410bf3870b1,178.png
179,community-repo,,.tmp/background-tile-corpus/179/community-repo/179.png,ok,2afc990c698284959d16ceaf0564a63a45864e5339efda4efda847658f5ab8ce,179.png
182,community-repo,,.tmp/background-tile-corpus/182/community-repo/182.jpg,ok,550f4ec12160cba1578f2e3231bb91c2288ac98750ea503162656e6c41a62649,182.jpg
183,community-repo,,.tmp/background-tile-corpus/183/community-repo/183.jpg,ok,4045e620954058910229d4757d1ecc0aa735e2efc8120496f7db635bfd52d042,183.jpg
184,community-repo,,.tmp/background-tile-corpus/184/community-repo/184.jpg,ok,a4d7f783fdbd13cd2c682fb07cfff8773fd6fa21ddeb76ce832c796fcf8f8cd5,184.jpg
187,community-repo,,.tmp/background-tile-corpus/187/community-repo/187.jpg,ok,b613e8e2e6191f637e6cef1098dcfc1b30155f5116d461d4aca33c408049eb26,187.jpg
193,community-repo,,.tmp/background-tile-corpus/193/community-repo/193.jpg,ok,7191140401c8853cf7a2a7f19b583a981cf9a803181ba65ba2db1988e5c74e1e,193.jpg
194,community-repo,,.tmp/background-tile-corpus/194/community-repo/194.jpg,ok,69906727dc0211f785ef0f382bb7f8fd8bcecbfff99ac553c79246d3baddfa96,194.jpg
206,community-repo,,.tmp/background-tile-corpus/206/community-repo/206.jpg,ok,cb26ee0c214e36ba11efe219899c221be8a44f8186b481a8279e69ffc5a79164,206.jpg
221,community-repo,,.tmp/background-tile-corpus/221/community-repo/221.png,ok,745b9d0955ad71ed8ea46d74b033bd597bdbb326071ee92386edd00c49866905,221.png
223,community-repo,,.tmp/background-tile-corpus/223/community-repo/223.jpg,ok,817fdfdbec190341cb3832cfa8a404a1eb5855297339bae3b823bfb03d5c82b2,223.jpg
231,community-repo,,.tmp/background-tile-corpus/231/community-repo/231.jpg,ok,cfb2d1403445dabab129586fb99d7d402f30b97af4937dfbdb5bc12558def2f4,231.jpg
242,community-repo,,.tmp/background-tile-corpus/242/community-repo/242.jpg,ok,0b2df7648e8eb87c0ccf1aefdaa7cc6f22e65e57d64c230886f908cd50241b2c,242.jpg
245,community-repo,,.tmp/background-tile-corpus/245/community-repo/245.jpg,ok,5cc4a64affe59c62dca681ca1d31cd82cd2d1d1d5a60eb6c597af6db042761ee,245.jpg
247,community-repo,,.tmp/background-tile-corpus/247/community-repo/247.jpg,ok,f326350ecfbafe29629ba2c0c343372acb15398dfdfaedaa284e88fd1b0c0b06,247.jpg
248,community-repo,,.tmp/background-tile-corpus/248/community-repo/248.jpg,ok,470dab118547a71c30c20a2fc94543d51792de19661f503bf1edf0c5fab382c4,248.jpg
252,community-repo,,.tmp/background-tile-corpus/252/community-repo/252.jpg,ok,3bef04635c774b552745a27621e2aa609e92b4109daad143dc9b511c9c893d1f,252.jpg
258,community-repo,,.tmp/background-tile-corpus/258/community-repo/258.jpg,ok,34529ecd443bac112f73637ddc73d68a03e50679a5af79f8549ab32272a18042,258.jpg
263,community-repo,,.tmp/background-tile-corpus/263/community-repo/263.jpg,ok,a3508d4e1d14122e4b6061d3784859561ed556d0315a99457b332ab0fe9d54b8,263.jpg
267,community-repo,,.tmp/background-tile-corpus/267/community-repo/267.jpg,ok,0640c8b37a521763b5fddb1ad2819f0b293c0f3318025a6be9beb86812309b83,267.jpg
282,community-repo,,.tmp/background-tile-corpus/282/community-repo/282.jpg,ok,fc88fdb0e153995a59a779804bf92d684b5ae666e017830ebe13fdccb58dd8a2,282.jpg
296,community-repo,,.tmp/background-tile-corpus/296/community-repo/296.jpg,ok,9c079f824602ced58a9a60791e6829fbc3c5bd0646c5d2e690919451463e9815,296.jpg
306,community-repo,,.tmp/background-tile-corpus/306/community-repo/306.jpg,ok,eb8fa37303f44d74fd92a5162320ef252525308ee01c1f5fec9e9952968c7a31,306.jpg
312,community-repo,,.tmp/background-tile-corpus/312/community-repo/312.png,ok,0b1cf2d33417d58fec608185e4bd245827f6cc0be33ec7c51f989b0d1405bf49,312.png
317,community-repo,,.tmp/background-tile-corpus/317/community-repo/317.jpg,ok,849f2ffc88e67e9f209c757792a5f716555acdc89ca54cdbe758adaa89424d19,317.jpg
324,community-repo,,.tmp/background-tile-corpus/324/community-repo/324.jpg,ok,fecbe1a974191f6327c228921ffffff203dc00df7ed7af1e71b18fdfbcb52408,324.jpg
328,community-repo,,.tmp/background-tile-corpus/328/community-repo/328.jpg,ok,b94a20ea14e38dec0fe347000564503bd2001d0134e34e2c8b2f0deaef55b81b,328.jpg
333,community-repo,,.tmp/background-tile-corpus/333/community-repo/333.jpg,ok,f445f534efb0e5c83dd68c71c4f0e1a6b8032f30c1fc9f1bf795f95b46909e45,333.jpg
334,community-repo,,.tmp/background-tile-corpus/334/community-repo/334.jpg,ok,9f86385f9bea968b82746f6eb415f4481033cc88f5d6691d83d7444fd901e631,334.jpg
336,community-repo,,.tmp/background-tile-corpus/336/community-repo/336.jpg,ok,d9fac70caf2becf1beee99404cb17211f6d1bdde57f6b882a3a74e9afd86feac,336.jpg
338,community-repo,,.tmp/background-tile-corpus/338/community-repo/338.jpg,ok,a7062a664485b0c4297de072b3c207408e3040933a15e87ab9307a081236cca7,338.jpg
339,community-repo,,.tmp/background-tile-corpus/339/community-repo/339.jpg,ok,122d1389536b6a133bc9772ba31426810a15355ec2542baa9b3d6ed40951206b,339.jpg
343,community-repo,,.tmp/background-tile-corpus/343/community-repo/343.jpg,ok,838cee8e1569ed25e81eba133f738c99a6abbd5eaecc61a0083a099941654c34,343.jpg
347,community-repo,,.tmp/background-tile-corpus/347/community-repo/347.jpg,ok,867f9641171001b9cb8baefef3e8ced388d8f01fb87b7ee81dda268d353dc405,347.jpg
354,community-repo,,.tmp/background-tile-corpus/354/community-repo/354.jpg,ok,df5a248c57781c400041dcf82e831dec6d27ccd7819be552dbff7c378495b359,354.jpg
362,community-repo,,.tmp/background-tile-corpus/362/community-repo/362.jpg,ok,115fedc1c0f898965f549da9358d5e4b1058f85799e8e0d42ac1813de797f87d,362.jpg
364,community-repo,,.tmp/background-tile-corpus/364/community-repo/364.jpg,ok,4ca3156bcefdeb58534c5b29a7d362a2f34c3ec6c7e570cfbae0485b7c8fb40d,364.jpg
366,community-repo,,.tmp/background-tile-corpus/366/community-repo/366.jpg,ok,efeae2731e30ede9b7c80e857668351727aec4050af01e8d3c3fc72867f07801,366.jpg
375,community-repo,,.tmp/background-tile-corpus/375/community-repo/375.jpg,ok,105399775279d203792acd1c5a5f97fdd27b89e45b3cdd344c4f14e935f93ca6,375.jpg
384,community-repo,,.tmp/background-tile-corpus/384/community-repo/384.png,ok,d151772491965aae34f24a4083d3a945650c5d2153027b5b4afe03c2393d424c,384.png
393,community-repo,,.tmp/background-tile-corpus/393/community-repo/393.jpg,ok,1c6f11b561bada19a2a86dbb48e81180fbeb7d2982e76311cb980f8e2fdfe86b,393.jpg
402,community-repo,,.tmp/background-tile-corpus/402/community-repo/402.jpg,ok,8dde4af980221256e8826a74bd0a11ecc4486d5bf5ba832888a3944566ec3b9c,402.jpg
405,community-repo,,.tmp/background-tile-corpus/405/community-repo/405.jpg,ok,f46cfa8bab23c83f63bf806741ea7d0a3c97354ec26d031c4c910372637e570b,405.jpg
413,community-repo,,.tmp/background-tile-corpus/413/community-repo/413.png,ok,ad4fba92d3acaee244c5330a661a750eb173eea6298d5e54aad9b171b3904f82,413.png
436,community-repo,,.tmp/background-tile-corpus/436/community-repo/436.png,ok,48e57790d3b2d84760f59528669cbf534d1078565db0a46d439ef2ef0a63ae7b,436.png
444,community-repo,,.tmp/background-tile-corpus/444/community-repo/444.png,ok,b7eaff7403c88c5962973848c766bd0cfab03c71e8396d491010233ce157c94e,444.png
445,community-repo,,.tmp/background-tile-corpus/445/community-repo/445.jpg,ok,03b6c3e1068a3c0ea8e719a96711aa92f6d35469d847dc78ac1479e7975c884d,445.jpg
449,community-repo,,.tmp/background-tile-corpus/449/community-repo/449.jpg,ok,0d0a92b862bb9ea08985b654983f0c233682465c5374ec50c8c53c415b4a0e4e,449.jpg
450,community-repo,,.tmp/background-tile-corpus/450/community-repo/450.jpg,ok,359eea29b6c8be18a7656c20e4130c8bf4fa48d452ae994735cd4892b3fff7e7,450.jpg
469,community-repo,,.tmp/background-tile-corpus/469/community-repo/469.jpg,ok,9a755d73c0e588cac5d7cef99a5674886eaa5297af459c0cbb8e06179ace6b42,469.jpg
470,community-repo,,.tmp/background-tile-corpus/470/community-repo/470.jpg,ok,cbad717bb29dec4a95cbcdd7f6943c4f277fae5cb60a30a687eff55e6e323302,470.jpg
475,community-repo,,.tmp/background-tile-corpus/475/community-repo/475.jpg,ok,473f8341c1e8ee376ce782f11a7262f501ca79e510e43ac2387fb98d8edc13df,475.jpg
476,community-repo,,.tmp/background-tile-corpus/476/community-repo/476.jpg,ok,5b182f846106d8c4daab665a6f03e8c5629a09c6586807e029abb8a66076a80f,476.jpg
478,community-repo,,.tmp/background-tile-corpus/478/community-repo/478.jpg,ok,537185b1d094bd722fda7f56b8c575bcf8d8d4ab2e7f4e19113431054ed2fb95,478.jpg
597,community-repo,,.tmp/background-tile-corpus/597/community-repo/597.png,ok,4d08153c0f9a5e8818ec8bfddb3de9639c65fcb7519d063ae2644b501e10ab41,597.png
3,community-repo,,.tmp/background-tile-corpus/003/community-repo/edited/003.jpg,ok,a73a60d83e1cb62ac1d7ef79a87c89f39c2fb71acf8aadd3c4d48333fa6a5140,edited/003.jpg
21,community-repo,,.tmp/background-tile-corpus/021/community-repo/edited/021.jpg,ok,e54ab2c85e87b721243db439e1deebf17113892c408b0d74021cf9a97913da9e,edited/021.jpg
32,community-repo,,.tmp/background-tile-corpus/032/community-repo/edited/032.jpg,ok,12f013bea40d32b156f6ba408a0183679345ba6b26627ea73d85acfa3825705b,edited/032.jpg
59,community-repo,,.tmp/background-tile-corpus/059/community-repo/edited/059.jpg,ok,da8898cad8ae4a39daf816e54ca1d60fcdb74b0d3e79d9e2611c6c14d0b63f7a,edited/059.jpg
66,community-repo,,.tmp/background-tile-corpus/066/community-repo/edited/066.jpg,ok,f7118b6d90d342dc20d1b84a2e54625de4a5fa4490b876d59468ada48632f2df,edited/066.jpg
95,community-repo,,.tmp/background-tile-corpus/095/community-repo/edited/095.jpg,ok,ecbb536c7944b14571a33284431a0de19aaa4632aa65e8d23bfe5a558bf25fe9,edited/095.jpg
97,community-repo,,.tmp/background-tile-corpus/097/community-repo/edited/097.png,ok,4df82dfac565b4d31cbacf33d107e5bdc117baa57eece3735466125b18acea72,edited/097.png
154,community-repo,,.tmp/background-tile-corpus/154/community-repo/edited/154.jpg,ok,046b8e6a87ce6c658406efa789b586dfb080044c6d318d2c9c0b22f5e9c2e741,edited/154.jpg
156,community-repo,,.tmp/background-tile-corpus/156/community-repo/edited/156.png,ok,1ea74444eb29498b0ae0cb2abb7d0bbf8fee14520bcb660a68af74569937d5a2,edited/156.png
171,community-repo,,.tmp/background-tile-corpus/171/community-repo/edited/171.jpg,ok,6afb6d3c675496b8370e76439cd5060ed6bb3d15b3e3d04fb2f56c58364f62a9,edited/171.jpg
182,community-repo,,.tmp/background-tile-corpus/182/community-repo/edited/182.png,ok,334088c2cd502a4a5702788f84dd1ad2f8d78b54f6d5e21ef7418f5a58bd6768,edited/182.png
242,community-repo,,.tmp/background-tile-corpus/242/community-repo/edited/242.jpg,ok,36145ac0d29fa974155827e0b8a94e1b192ee44313c4cb77541d42f2eda36366,edited/242.jpg
245,community-repo,,.tmp/background-tile-corpus/245/community-repo/edited/245.png,ok,00cc2d6289fe7551d118c8d885132e6e93e8248706ef4b6c0be18d2a6524199b,edited/245.png
312,community-repo,,.tmp/background-tile-corpus/312/community-repo/edited/312.jpg,ok,5384d2be2ffad844c8e2b672730e2f1825218a5c475ac60b9777c28104b9c2d3,edited/312.jpg
328,community-repo,,.tmp/background-tile-corpus/328/community-repo/edited/328.jpg,ok,1a8ef3e9af32b2ab1383acc0aea7c19e7905173188427bd0c77c3d61596c9e91,edited/328.jpg
334,community-repo,,.tmp/background-tile-corpus/334/community-repo/edited/334.png,ok,2d23919fc05f1e9331518e6f397733ed20121895d797fff83c12a34c719604f3,edited/334.png
21,community-repo,,.tmp/background-tile-corpus/021/community-repo/old_021.jpg,ok,f26708f10bde840fc142177fbe2d9dd6b41c176e5aa09ad2dff581598953abbd,old_021.jpg
2,community-repo,,.tmp/background-tile-corpus/002/community-repo/resized/002.jpg,ok,dd47bc7e53abfa377e6b3c4521c8ea780731a98e582ff422723f8799c0deb788,resized/002.jpg
3,community-repo,,.tmp/background-tile-corpus/003/community-repo/resized/003.jpg,ok,b8b86c69b5d5cda6f586c84fa6f070646b9a208d7d83b2fee9d3dc16fb94022c,resized/003.jpg
20,community-repo,,.tmp/background-tile-corpus/020/community-repo/resized/020.jpg,ok,f0b517f7f87a1e22073c773b160e15fbc9cf0618794a5746d8169d3d4976a4f1,resized/020.jpg
21,community-repo,,.tmp/background-tile-corpus/021/community-repo/resized/021.jpg,ok,9be44a631d572b6ee46ffa2b0fded611068bfd793e4bd99d94d47601d1626cee,resized/021.jpg
32,community-repo,,.tmp/background-tile-corpus/032/community-repo/resized/032.jpg,ok,7e30379bef535bdef33478b6e43c1b88206e22243f17c75b5fc4dcc27a5896c5,resized/032.jpg
37,community-repo,,.tmp/background-tile-corpus/037/community-repo/resized/037.jpg,ok,9482f255d7ed392e08a9b7820760f471f749231e65c844d5033e1ca9b9779070,resized/037.jpg
38,community-repo,,.tmp/background-tile-corpus/038/community-repo/resized/038.jpg,ok,cc5d6a5aa07f98b307757d7ec20386e5712a5ffc68867ac378ed0e27657e392c,resized/038.jpg
39,community-repo,,.tmp/background-tile-corpus/039/community-repo/resized/039.jpeg,ok,679c6cac95fb846c1fffa5b536114d4dae3235a079dc17abc91b4fa7eab0601b,resized/039.jpeg
47,community-repo,,.tmp/background-tile-corpus/047/community-repo/resized/047.jpg,ok,ce62de79df8978cbc1bc9d2bb798b53b9023c4444814457fa2f5f621db7bbccc,resized/047.jpg
53,community-repo,,.tmp/background-tile-corpus/053/community-repo/resized/053.jpg,ok,b79b9401305634f9642a4d40f86665daa25cd5447955636c178048d53c511a4e,resized/053.jpg
59,community-repo,,.tmp/background-tile-corpus/059/community-repo/resized/059.jpg,ok,92455e4ae6f595c20e5d54cd61604d4cad4937b88410fdef58ec5524aa692887,resized/059.jpg
65,community-repo,,.tmp/background-tile-corpus/065/community-repo/resized/065.jpg,ok,7bec73595a716b15f702dcde8063b0027d511d223f12efd8e994380d4b1064d8,resized/065.jpg
66,community-repo,,.tmp/background-tile-corpus/066/community-repo/resized/066.jpg,ok,b97dcd2a12434115b2d74fab65a88b32c0b94ad195ca6f2b393b267056c2bbb9,resized/066.jpg
92,community-repo,,.tmp/background-tile-corpus/092/community-repo/resized/092.jpg,ok,04f4f93c978944c3ab113558ed4dbf124d8da2bc870a9bb605a32c79c8a5b505,resized/092.jpg
95,community-repo,,.tmp/background-tile-corpus/095/community-repo/resized/095.jpg,ok,34710f93885e189e373d99e39a5453884ce8d95d40514d5a6469e4e806473d7d,resized/095.jpg
97,community-repo,,.tmp/background-tile-corpus/097/community-repo/resized/097.jpg,ok,7c7bcf23a66671501bf96ffda1a1ed19984a058a380ae4ba523c9f3f4eade80e,resized/097.jpg
118,community-repo,,.tmp/background-tile-corpus/118/community-repo/resized/118.jpg,ok,2b76835e3145125e68132682b78aa585aa7a3065c4a5191e53605c3fa4dcf7c3,resized/118.jpg
123,community-repo,,.tmp/background-tile-corpus/123/community-repo/resized/123.jpg,ok,99d6301f6b42614d8c782b7939b3dc44ff3e80404a793380bfbc14cbbbc2b97a,resized/123.jpg
125,community-repo,,.tmp/background-tile-corpus/125/community-repo/resized/125.jpg,ok,8b268f9533dff1d50445a4da2957b40ea5db4a6d4ecb145a573a70fa314f08b8,resized/125.jpg
126,community-repo,,.tmp/background-tile-corpus/126/community-repo/resized/126.jpg,ok,6806d182221f289707c0afc4922dd3fa8e8be955e8c2ce54a3586aa17337333d,resized/126.jpg
132,community-repo,,.tmp/background-tile-corpus/132/community-repo/resized/132.jpeg,ok,ad44c2dc2ddca9093bb33c7ff3c23c582a3db6711baf3f500a6c76faa4ffb58f,resized/132.jpeg
154,community-repo,,.tmp/background-tile-corpus/154/community-repo/resized/154.jpg,ok,6987b517d1e9f2e850f9788981f133b580ab96267ba2e400c718bf496eb30305,resized/154.jpg
156,community-repo,,.tmp/background-tile-corpus/156/community-repo/resized/156.jpg,ok,8bf78569eeb9a9dadd3656ad19d10fa921dfac71301aa7f42063b1a43c7cab93,resized/156.jpg
164,community-repo,,.tmp/background-tile-corpus/164/community-repo/resized/164.jpg,ok,ee057333a6867774ec6c9014d050058a27bf22e2c1b9d0cac4ad3e346e42b665,resized/164.jpg
171,community-repo,,.tmp/background-tile-corpus/171/community-repo/resized/171.jpg,ok,7d9d00ef7119a914bce117b306eed384cca9f01c84f4d957f6e347cba61e7006,resized/171.jpg
178,community-repo,,.tmp/background-tile-corpus/178/community-repo/resized/178.png,ok,5c3fa63c396a7d51abe6490a30fc263042edf0ff0472c5d57809fc90a0b28c9a,resized/178.png
179,community-repo,,.tmp/background-tile-corpus/179/community-repo/resized/179.png,ok,2c80f133a24f920328c44434ea15382e21e85a7abfb4b2f428becde1cf543571,resized/179.png
182,community-repo,,.tmp/background-tile-corpus/182/community-repo/resized/182.jpg,ok,6f1f08660afcaa9a57491c4c4895666b89ed1355a2f6672dc307776714152319,resized/182.jpg
183,community-repo,,.tmp/background-tile-corpus/183/community-repo/resized/183.jpg,ok,9b4f6389b85446b44db2b5b666799d23e2a67f1e0622e38062f9ef930d4d7120,resized/183.jpg
184,community-repo,,.tmp/background-tile-corpus/184/community-repo/resized/184.jpg,ok,af7abe50826a50be4366d73d3426ea7b155bc1e3a69b6b88d595d87275d1ac9d,resized/184.jpg
187,community-repo,,.tmp/background-tile-corpus/187/community-repo/resized/187.jpg,ok,a1bb945a1c34b08e9c92ddb8c0e203847bb02fe50a5f96573d736ba8eb2e3d4d,resized/187.jpg
193,community-repo,,.tmp/background-tile-corpus/193/community-repo/resized/193.jpg,ok,1d82ef6de52655806c39593b04c897f166ccdf8453a778f5b2882060ea475100,resized/193.jpg
194,community-repo,,.tmp/background-tile-corpus/194/community-repo/resized/194.jpg,ok,cc7d6314954e5f6573136526a53b4f8dda25ec863933a222a5ab719674e7921c,resized/194.jpg
206,community-repo,,.tmp/background-tile-corpus/206/community-repo/resized/206.jpg,ok,dffee5ac231cf4b75cd64c7a3dbbe19762de0232874e445c6417124c3138954f,resized/206.jpg
221,community-repo,,.tmp/background-tile-corpus/221/community-repo/resized/221.png,ok,eab8f058f067698afabd9270721b0c649bd7fc230d81e64ce7d196444b080d3c,resized/221.png
231,community-repo,,.tmp/background-tile-corpus/231/community-repo/resized/231.jpg,ok,b1617f155f43cb84b47af5fcc0af9943401ae32a85930abb7076535484676d74,resized/231.jpg
242,community-repo,,.tmp/background-tile-corpus/242/community-repo/resized/242.jpg,ok,0b2df7648e8eb87c0ccf1aefdaa7cc6f22e65e57d64c230886f908cd50241b2c,resized/242.jpg
245,community-repo,,.tmp/background-tile-corpus/245/community-repo/resized/245.jpg,ok,9ff86a7a315ce28fce7fe23039f631cbec0dfcf6d7d49b554530e132d8f893ae,resized/245.jpg
247,community-repo,,.tmp/background-tile-corpus/247/community-repo/resized/247.jpg,ok,f5458f0c0a9b04e2a88f781abf67f38e53704d9980505f3c9868abed9a56a027,resized/247.jpg
248,community-repo,,.tmp/background-tile-corpus/248/community-repo/resized/248.jpg,ok,f6dd9873337d1c9f0ee17080a61bcf3fdd1386600381eaa2c8d23872fad01e4b,resized/248.jpg
252,community-repo,,.tmp/background-tile-corpus/252/community-repo/resized/252.jpg,ok,abac0e3a79826acadec23520302de382b38360c38a715f7c9b282ff1d40c6c6c,resized/252.jpg
258,community-repo,,.tmp/background-tile-corpus/258/community-repo/resized/258.jpg,ok,bac127580b7c348ec302a0c64d1c501d75e50b9056c2b1e05c5d84a1d3b5021b,resized/258.jpg
263,community-repo,,.tmp/background-tile-corpus/263/community-repo/resized/263.jpg,ok,8f7bfa76c05c33a038b4a229b22152ff3a38a828709637bbf5193b239c1abc2e,resized/263.jpg
267,community-repo,,.tmp/background-tile-corpus/267/community-repo/resized/267.jpg,ok,051485333a0f5c59b78e1edc5881588d166d65fcebde35b5e351c8d7de91f4e1,resized/267.jpg
282,community-repo,,.tmp/background-tile-corpus/282/community-repo/resized/282.jpg,ok,9618eadd3e8c2e7b454044da949aedf49b2ba0ef63fad73424c76a13ee146f80,resized/282.jpg
296,community-repo,,.tmp/background-tile-corpus/296/community-repo/resized/296.jpg,ok,a501ddc47350d72b2c744fe3cd2ed754c15d2bff9aed7223d3226b2048da4217,resized/296.jpg
306,community-repo,,.tmp/background-tile-corpus/306/community-repo/resized/306.jpeg,ok,eb8fa37303f44d74fd92a5162320ef252525308ee01c1f5fec9e9952968c7a31,resized/306.jpeg
312,community-repo,,.tmp/background-tile-corpus/312/community-repo/resized/312.png,ok,0b1cf2d33417d58fec608185e4bd245827f6cc0be33ec7c51f989b0d1405bf49,resized/312.png
324,community-repo,,.tmp/background-tile-corpus/324/community-repo/resized/324.jpg,ok,c72dc9de628fb9d08773a87812561e3467ed3300d9a7298b7fe65f90e39f5835,resized/324.jpg
328,community-repo,,.tmp/background-tile-corpus/328/community-repo/resized/328.jpg,ok,302155f8a3cb88272f86c1dd26bb384064c777b295321790001f86d8f1a24d8e,resized/328.jpg
333,community-repo,,.tmp/background-tile-corpus/333/community-repo/resized/333.jpg,ok,831aef5efd321564a53a62a53a22c7bf8adf4f5318e45cc35c11fbd236669ad3,resized/333.jpg
334,community-repo,,.tmp/background-tile-corpus/334/community-repo/resized/334.jpg,ok,9f86385f9bea968b82746f6eb415f4481033cc88f5d6691d83d7444fd901e631,resized/334.jpg
336,community-repo,,.tmp/background-tile-corpus/336/community-repo/resized/336.jpg,ok,d9fac70caf2becf1beee99404cb17211f6d1bdde57f6b882a3a74e9afd86feac,resized/336.jpg
338,community-repo,,.tmp/background-tile-corpus/338/community-repo/resized/338.jpg,ok,617ce6c70247ace1b2ccbdf435e99cd5dcfe9fd855d238472bc0ac53eb9e79c8,resized/338.jpg
339,community-repo,,.tmp/background-tile-corpus/339/community-repo/resized/339.jpg,ok,9ab936d81b009fcca6991fea5bde9f56ebcbdf1af139ca133fa7cc304d0a6337,resized/339.jpg
343,community-repo,,.tmp/background-tile-corpus/343/community-repo/resized/343.jpg,ok,af93f6bc0c03f6a8590644600162959cb7077eaf6680c7d356f7f4370f586215,resized/343.jpg
347,community-repo,,.tmp/background-tile-corpus/347/community-repo/resized/347.jpg,ok,8e0027e66b9dd06d6a7adfe2a3c871bb29d8473c3739b1fa4615a4772bdcb1cd,resized/347.jpg
354,community-repo,,.tmp/background-tile-corpus/354/community-repo/resized/354.jpg,ok,f3797ee7c804ef95b2681deab81044bbae538fcce14e3c125aabb7cbdcf09bdc,resized/354.jpg
362,community-repo,,.tmp/background-tile-corpus/362/community-repo/resized/362.jpg,ok,e9730d0e72c1a207ac42cc68837fb23a499b5896bcb1cabb494dc2562a4ffb28,resized/362.jpg
364,community-repo,,.tmp/background-tile-corpus/364/community-repo/resized/364.jpg,ok,4b59d0c36e94610c016ea986a39dffb3021230459492776553800d7dcd9c6433,resized/364.jpg
366,community-repo,,.tmp/background-tile-corpus/366/community-repo/resized/366.jpg,ok,86837654a28a4d963e05a8f6bbf5d0d8859a5d53d5b7de57be8b7b9b1fda06f8,resized/366.jpg
375,community-repo,,.tmp/background-tile-corpus/375/community-repo/resized/375.jpg,ok,438575c2d6cf4be061b95c0b6214321ba8466f07fd8c47eff46509ff886366b4,resized/375.jpg
384,community-repo,,.tmp/background-tile-corpus/384/community-repo/resized/384.png,ok,d43b6a2d6d2fe0806be0184658d1f8bd373b5c4fbf9ff2eccfe69174bff969b4,resized/384.png
402,community-repo,,.tmp/background-tile-corpus/402/community-repo/resized/402.jpg,ok,ed54d9b60d6a4845c6e9696174721a8dd1c1427d0698b7b4e85fbb8114275763,resized/402.jpg
405,community-repo,,.tmp/background-tile-corpus/405/community-repo/resized/405.jpg,ok,05bcd23e12e6ce4dc118570c4affcea8e52e037ae1ff7ad483031e2f4aadbe13,resized/405.jpg
413,community-repo,,.tmp/background-tile-corpus/413/community-repo/resized/413.png,ok,ddf1c84d1d412d15c0467c35f835ba89fc80fe861ee55de033374c07d2d2dd55,resized/413.png
450,community-repo,,.tmp/background-tile-corpus/450/community-repo/resized/450.png,ok,c5c118f0701330820c255f2803e626588ba1fb68dcb39e0079e98be17fbeeac0,resized/450.png
469,community-repo,,.tmp/background-tile-corpus/469/community-repo/resized/469.jpg,ok,95fb222c570e1a7fedf6f5be1ce74513ea8a20c821f55752248ff877a57c52eb,resized/469.jpg
475,community-repo,,.tmp/background-tile-corpus/475/community-repo/resized/475.jpg,ok,74834cb36dac27801eb81506c3568742345559b266be9414ad79dcc4b76ddc1d,resized/475.jpg
597,community-repo,,.tmp/background-tile-corpus/597/community-repo/resized/597.png,ok,b7fa05b51d963f711e52b57cdc8020859908bae0bc45a180c66e26fad70f8daf,resized/597.png
2,gallery-dl,https://www.facebook.com/jlfrankiv,,exit-16,,[facebook][error] AuthRequired: authenticated cookies needed to access this profile ('This content isn't available right now') 
2,gallery-dl,https://www.facebook.com/groups/1321230431268681,,exit-64,,[gallery-dl][error] Unsupported URL 'https://www.facebook.com/groups/1321230431268681' 
3,gallery-dl,https://twitter.com/GameTradeGregg,,exit-16,,[twitter][info] Requesting guest token [twitter][error] AuthRequired: authenticated cookies needed to access this timeline 
3,html,https://twitter.com/GameTradeGregg,,fetch-failed,,<HTTPError 403: 'Forbidden'>
3,gallery-dl,https://www.reddit.com/user/WDCombo,,exit-4,,"[reddit][error] ""You've been blocked by network security."" "
3,html,https://www.reddit.com/user/WDCombo,,fetch-failed,,<HTTPError 403: 'Blocked'>
20,gallery-dl,https://twitter.com/KaydHendricks/status/1205585260207050753,.tmp/background-tile-corpus/020/gallery-dl/twitter/KaydHendricks/020_001.jpg,ok,2ea8008062d229bf319a1ff78e4519b854206b20415cf6faad85572deb4b333f,
21,gallery-dl,https://www.ebay.com/itm/INSIDE-Collector-s-Edition-iam8bit-PLAYDEAD-realdoll-In-Hand-Sold-Out/254665386390?hash=item3b4b3d6996:g:GTQAAOSwNpdfHL5i,,exit-64,,[gallery-dl][error] Unsupported URL 'https://www.ebay.com/itm/INSIDE-Collector-s-Edition-iam8bit-PLAYDEAD-realdoll-In-Hand-Sold-Out/254665386390?hash=item3b4b3d6996:g:GTQAAOSwNpdfHL5i' 
21,html,https://www.ebay.com/itm/INSIDE-Collector-s-Edition-iam8bit-PLAYDEAD-realdoll-In-Hand-Sold-Out/254665386390?hash=item3b4b3d6996:g:GTQAAOSwNpdfHL5i,,fetch-failed,,<HTTPError 403: 'Forbidden'>
21,gallery-dl,https://archive.ph/dZLdv,,exit-64,,[gallery-dl][error] Unsupported URL 'https://archive.ph/dZLdv' 
21,html,https://archive.ph/dZLdv,,fetch-failed,,<HTTPError 429: 'Too Many Requests'>
21,gallery-dl,https://www.ebay.com/itm/176821705384,,exit-64,,[gallery-dl][error] Unsupported URL 'https://www.ebay.com/itm/176821705384' 
21,html,https://www.ebay.com/itm/176821705384,,fetch-failed,,<HTTPError 403: 'Forbidden'>
32,gallery-dl,https://twitter.com/frmlssndmpty/status/1060390704269144064,,exit-0,,.tmp/background-tile-corpus/032/gallery-dl/twitter/formless_dangit/032_001.mp4 
37,gallery-dl,https://twitter.com/TheAnnaTheRed/status/1205249189577314306,,exit-0,,.tmp/background-tile-corpus/037/gallery-dl/twitter/TheAnnaTheRed/037_001.mp4 
39,gallery-dl,https://twitter.com/hubalubalu/status/1205723032225890304,.tmp/background-tile-corpus/039/gallery-dl/twitter/hubalubalu/039_002.jpg,ok,53480d1251c09268fc1489d30dadbee29a3f2915a8d25149a4b9cd9c9ab83ed8,
39,gallery-dl,https://twitter.com/hubalubalu/status/1205723032225890304,.tmp/background-tile-corpus/039/gallery-dl/twitter/hubalubalu/039_001.jpg,ok,42e843e60a2b906622dcdac2b3a6edacc7eb8bf331c4848ab3460b98fb87d576,
47,gallery-dl,https://twitter.com/Fokfes/status/1220198551172440069,,exit-0,,[twitter][info] No results for https://twitter.com/Fokfes/status/1220198551172440069 
47,gallery-dl,https://www.reddit.com/r/PlaydeadsInside/comments/1l5x8rb/comment/paa5k2v/?context=3&share_id=-Y6NbJwa4KEztncqXQxBO&utm_content=1&utm_medium=ios_app&utm_name=ioscss&utm_source=share&utm_term=1,,exit-4,,"[reddit][error] ""You've been blocked by network security."" "
47,html,https://www.reddit.com/r/PlaydeadsInside/comments/1l5x8rb/comment/paa5k2v/?context=3&share_id=-Y6NbJwa4KEztncqXQxBO&utm_content=1&utm_medium=ios_app&utm_name=ioscss&utm_source=share&utm_term=1,,fetch-failed,,<HTTPError 403: 'Blocked'>
47,gallery-dl,https://www.ebay.com/itm/257753799919,,exit-64,,[gallery-dl][error] Unsupported URL 'https://www.ebay.com/itm/257753799919' 
47,html,https://www.ebay.com/itm/257753799919,,fetch-failed,,<HTTPError 403: 'Forbidden'>
53,gallery-dl,https://twitter.com/TylerCushing/status/971806527546834944,,exit-0,,[twitter][info] No results for https://twitter.com/TylerCushing/status/971806527546834944 
63,gallery-dl,https://www.reddit.com/r/PlaydeadsInside/comments/1l5x8rb/comment/oz4c7e4/?context=3&share_id=eAZOfPv0WV718VaFgc44T&utm_content=1&utm_medium=ios_app&utm_name=ioscss&utm_source=share&utm_term=1,,exit-4,,"[reddit][error] ""You've been blocked by network security."" "
63,html,https://www.reddit.com/r/PlaydeadsInside/comments/1l5x8rb/comment/oz4c7e4/?context=3&share_id=eAZOfPv0WV718VaFgc44T&utm_content=1&utm_medium=ios_app&utm_name=ioscss&utm_source=share&utm_term=1,,fetch-failed,,<HTTPError 403: 'Blocked'>
66,gallery-dl,https://www.reddit.com/r/PlaydeadsInside/comments/e9uh05/spoilers_the_making_of_youknowwhat_from_the/famlzgd/?context=3,,exit-4,,"[reddit][error] ""You've been blocked by network security."" "
66,html,https://www.reddit.com/r/PlaydeadsInside/comments/e9uh05/spoilers_the_making_of_youknowwhat_from_the/famlzgd/?context=3,,fetch-failed,,<HTTPError 403: 'Blocked'>
72,gallery-dl,https://www.youtube.com/watch?v=eXxklNxsVWw,,exit-64,,[gallery-dl][error] Unsupported URL 'https://www.youtube.com/watch?v=eXxklNxsVWw' 
92,gallery-dl,http://collectedit.com/collectors/shou-time-213/sony-playstation-4-2818/inside-collectors-edition-us-by-playdead-41996,,exit-64,,[gallery-dl][error] Unsupported URL 'http://collectedit.com/collectors/shou-time-213/sony-playstation-4-2818/inside-collectors-edition-us-by-playdead-41996' 
92,html,http://collectedit.com/collectors/shou-time-213/sony-playstation-4-2818/inside-collectors-edition-us-by-playdead-41996,,fetch-failed,,URLError(TimeoutError('timed out'))
118,gallery-dl,https://www.ebay.com/itm/WOW-INSIDE-COLLECTOR-s-EDITION-PS4-Realdoll-NEW-FACTORY-SEALED/184517821835?hash=item2af61e858b:g:ApAAAOSwwz1foCDh,,exit-64,,[gallery-dl][error] Unsupported URL 'https://www.ebay.com/itm/WOW-INSIDE-COLLECTOR-s-EDITION-PS4-Realdoll-NEW-FACTORY-SEALED/184517821835?hash=item2af61e858b:g:ApAAAOSwwz1foCDh' 
118,html,https://www.ebay.com/itm/WOW-INSIDE-COLLECTOR-s-EDITION-PS4-Realdoll-NEW-FACTORY-SEALED/184517821835?hash=item2af61e858b:g:ApAAAOSwwz1foCDh,,fetch-failed,,<HTTPError 403: 'Forbidden'>
123,gallery-dl,https://twitter.com/Surginis/status/1205049792268787712,,exit-0,,[twitter][info] No results for https://twitter.com/Surginis/status/1205049792268787712 
125,gallery-dl,https://www.instagram.com/mattpopcollector182/,,exit-4,,[instagram][error] NotFoundError: Requested user could not be found 
125,html-image,https://static.cdninstagram.com/rsrc.php/v4/yD/r/R0fBIMurK8v.png,.tmp/background-tile-corpus/125/html/125_000.png,ok,b421b00fd1791a1d1ab70dd1e9667f40ca79a8c8673989864f1be092295cd7da,https://www.instagram.com/mattpopcollector182/
125,gallery-dl,https://twitter.com/CrossingSouls18/status/971872926537412608,.tmp/background-tile-corpus/125/gallery-dl/twitter/CrossingSouls18/125_001.jpg,ok,b26a153ac68b6dd402d6b2dd32491cb47f55946581c637c6adde111c2112c820,
125,gallery-dl,https://www.reddit.com/user/Project3Matt_/,.tmp/background-tile-corpus/125/gallery-dl/twitter/CrossingSouls18/125_001.jpg,ok,b26a153ac68b6dd402d6b2dd32491cb47f55946581c637c6adde111c2112c820,
126,gallery-dl,https://www.reddit.com/user/enioli98/,,exit-4,,"[reddit][error] ""You've been blocked by network security."" "
126,html,https://www.reddit.com/user/enioli98/,,fetch-failed,,<HTTPError 403: 'Blocked'>
156,gallery-dl,https://twitter.com/x__Asylum/status/1205532662129188864,.tmp/background-tile-corpus/156/gallery-dl/twitter/x__Asylum/156_001.jpg,ok,e7a2ae22f95d1c72e805a657b65f13b1860d87c7a0fe3bdd3f6552e015c69c71,
164,gallery-dl,https://www.facebook.com/terrence.breitsameter,,exit-16,,[facebook][error] AuthRequired: authenticated cookies needed to access this profile ('This content isn't available right now') 
164,gallery-dl,https://www.facebook.com/groups/1321230431268681,,exit-64,,[gallery-dl][error] Unsupported URL 'https://www.facebook.com/groups/1321230431268681' 
171,gallery-dl,https://www.reddit.com/r/PlaydeadsInside/comments/eaol69/live_unboxing_in_30min/,,exit-4,,"[reddit][error] ""You've been blocked by network security."" "
171,html,https://www.reddit.com/r/PlaydeadsInside/comments/eaol69/live_unboxing_in_30min/,,fetch-failed,,<HTTPError 403: 'Blocked'>
171,gallery-dl,https://www.reddit.com/user/penjabi/,,exit-4,,"[reddit][error] ""You've been blocked by network security."" "
171,html,https://www.reddit.com/user/penjabi/,,fetch-failed,,<HTTPError 403: 'Blocked'>
178,gallery-dl,https://www.ebay.com/itm/324968542864,,exit-64,,[gallery-dl][error] Unsupported URL 'https://www.ebay.com/itm/324968542864' 
178,html,https://www.ebay.com/itm/324968542864,,fetch-failed,,<HTTPError 403: 'Forbidden'>
179,gallery-dl,https://www.ebay.com/usr/roma_kreu?ul_noapp=true,,exit-64,,[gallery-dl][error] Unsupported URL 'https://www.ebay.com/usr/roma_kreu?ul_noapp=true' 
179,html,https://www.ebay.com/usr/roma_kreu?ul_noapp=true,,fetch-failed,,<HTTPError 403: 'Forbidden'>
183,gallery-dl,https://www.ebay.com/itm/224122475778?ul_noapp=true,,exit-64,,[gallery-dl][error] Unsupported URL 'https://www.ebay.com/itm/224122475778?ul_noapp=true' 
183,html,https://www.ebay.com/itm/224122475778?ul_noapp=true,,fetch-failed,,<HTTPError 403: 'Forbidden'>
187,gallery-dl,https://www.instagram.com/p/B6EECojHUKZ/,,exit-4,,[instagram][error] HTTP redirect to login page (https://www.instagram.com/accounts/login/) 
187,html-image,https://scontent-iad3-1.cdninstagram.com/v/t51.82787-15/657962830_18577876294015627_7371902599909546937_n.jpg?stp=c288.0.864.864a_dst-jpg_e35_s640x640_tt6&_nc_cat=104&ccb=7-5&_nc_sid=18de74&efg=eyJlZmdfdGFnIjoiQ0FST1VTRUxfSVRFTS5iZXN0X2ltYWdlX3VybGdlbi5DMyJ9&_nc_ohc=4AgIxmbNxeYQ7kNvwFX9m8K&_nc_oc=AdqtvcFCYOIU6L11a9t53suCnjbKoh874Sjcdl5zZC4MjRTlFYq-fpkcFWx7dVHB00I&_nc_zt=23&_nc_ht=scontent-iad3-1.cdninstagram.com&_nc_gid=8_Zbc6x-r7A73C-Fr84XLA&_nc_ss=7860f&oh=00_AQO92GPZim7h2f6yCn3SoPz3_8sX_K1o2StGhb-CfZTIcA&oe=6AC24711,.tmp/background-tile-corpus/187/html/187_000.jpg,ok,ca310cd84a9ebcb538d47d16c0a5eb45184ccaaa70e09e3a932e9a6d7886440f,https://www.instagram.com/p/B6EECojHUKZ/
206,gallery-dl,https://twitter.com/triplizard/status/1222277716554043392,.tmp/background-tile-corpus/206/gallery-dl/twitter/triplizard/206_001.jpg,ok,72bb6fd6eda1687a2748139da05cce0a0e59222cf3a6b4f8cd61c22c9837a547,
221,gallery-dl,https://www.youtube.com/watch?v=Mhxynz-LoAI,,exit-64,,[gallery-dl][error] Unsupported URL 'https://www.youtube.com/watch?v=Mhxynz-LoAI' 
223,gallery-dl,https://archive.ph/IhWIn,,exit-64,,[gallery-dl][error] Unsupported URL 'https://archive.ph/IhWIn' 
223,html,https://archive.ph/IhWIn,,fetch-failed,,<HTTPError 429: 'Too Many Requests'>
223,gallery-dl,https://www.instagram.com/p/DQVUxWqD9M3/,,exit-4,,[instagram][error] HTTP redirect to login page (https://www.instagram.com/accounts/login/) 
223,html-image,https://scontent-iad3-1.cdninstagram.com/v/t51.71878-15/572682587_696400046363521_1157592017735289897_n.jpg?stp=cmp1_dst-jpg_e35_s640x640_tt6&_nc_cat=104&ccb=7-5&_nc_sid=18de74&efg=eyJlZmdfdGFnIjoiQ0xJUFMuYmVzdF9pbWFnZV91cmxnZW4uQzMifQ%3D%3D&_nc_ohc=ip2s0uHvq_MQ7kNvwHsoqrN&_nc_oc=AdrJMLQOlFOzeRbOZCM0AxUTNFVBJ-4BXmRfvVEk6ZaC3yBT93-00KtGostPX2J8KtY&_nc_zt=23&_nc_ht=scontent-iad3-1.cdninstagram.com&_nc_gid=z16EBfW-lNxqdfU-GXB39Q&_nc_ss=7860f&oh=00_AQOf0LXCgxQP8ABdLDsOQc72gAS9xF242PXZCrWM5WO0tw&oe=6AC263D5,.tmp/background-tile-corpus/223/html/223_000.jpg,ok,017cebc9bdad10741ab09f464ff92791ef510ba711f7622093452b7da7df2587,https://www.instagram.com/p/DQVUxWqD9M3/
223,gallery-dl,https://www.facebook.com/story.php?story_fbid=1422016306591561&id=100063496151489,,exit-16,,[facebook][error] AuthRequired: authenticated cookies needed to access this profile ('This content isn't available right now') 
223,gallery-dl,https://youtube.com/@johnnyiucci?si=9WCZZ0qS48pz5tC_,,exit-64,,[gallery-dl][error] Unsupported URL 'https://youtube.com/@johnnyiucci?si=9WCZZ0qS48pz5tC_' 
223,html-image,https://yt3.googleusercontent.com/qyGzqXNTFwaLbd4Llf92qRBRcInCXeVYBzqAgYjgoh2GXKG0xx1gSVFaO7FHpcqo5WWVQveD=s900-c-k-c0x00ffffff-no-rj,.tmp/background-tile-corpus/223/html/223_000.jpg,ok,8d39d4fa7e95f3e292c6a3e10ca9745f1525bd213bdde1c225b0bd991cd8ef93,https://youtube.com/@johnnyiucci?si=9WCZZ0qS48pz5tC_
231,gallery-dl,https://twitter.com/SassyRedGloves/status/1016890390413180928,,exit-0,,[twitter][info] No results for https://twitter.com/SassyRedGloves/status/1016890390413180928 
242,gallery-dl,https://www.youtube.com/watch?v=fu7gmuJQKXM,,exit-64,,[gallery-dl][error] Unsupported URL 'https://www.youtube.com/watch?v=fu7gmuJQKXM' 
258,gallery-dl,https://twitter.com/OG_Silverfish,,exit-16,,[twitter][error] AuthRequired: authenticated cookies needed to access this timeline 
258,html,https://twitter.com/OG_Silverfish,,fetch-failed,,<HTTPError 403: 'Forbidden'>
267,gallery-dl,https://www.reddit.com/r/PlaydeadsInside/comments/czc89n/anybody_managed_to_snag_themselves_one_of_those/,,exit-4,,"[reddit][error] ""You've been blocked by network security."" "
267,html,https://www.reddit.com/r/PlaydeadsInside/comments/czc89n/anybody_managed_to_snag_themselves_one_of_those/,,fetch-failed,,<HTTPError 403: 'Blocked'>
282,gallery-dl,https://www.ebay.com/itm/293628731906?ul_noapp=true,,exit-64,,[gallery-dl][error] Unsupported URL 'https://www.ebay.com/itm/293628731906?ul_noapp=true' 
282,html,https://www.ebay.com/itm/293628731906?ul_noapp=true,,fetch-failed,,<HTTPError 403: 'Forbidden'>
296,gallery-dl,https://www.resetera.com/threads/remember-that-expensive-mysterious-inside-collectors-edition-heres-whats-inside-it.158896/page-2,,exit-64,,[gallery-dl][error] Unsupported URL 'https://www.resetera.com/threads/remember-that-expensive-mysterious-inside-collectors-edition-heres-whats-inside-it.158896/page-2' 
296,html,https://www.resetera.com/threads/remember-that-expensive-mysterious-inside-collectors-edition-heres-whats-inside-it.158896/page-2,,fetch-failed,,<HTTPError 403: 'Forbidden'>
296,gallery-dl,https://www.instagram.com/p/B6MBw1Ph6Xy/,,exit-4,,[instagram][error] HTTP redirect to login page (https://www.instagram.com/accounts/login/) 
296,html-image,https://scontent-iad3-2.cdninstagram.com/v/t51.82787-15/627814449_18314763091255250_3469942589488499605_n.jpg?stp=c288.0.864.864a_dst-jpg_e35_s640x640_tt6&_nc_cat=111&ccb=7-5&_nc_sid=18de74&efg=eyJlZmdfdGFnIjoiRkVFRC5iZXN0X2ltYWdlX3VybGdlbi5DMyJ9&_nc_ohc=rlluTcDazJkQ7kNvwHrl1g0&_nc_oc=AdrQbZYNYBQUGMjpw-sTJw6KZi59zC_B-vwkge8JEWxz9kXBUC-74n8OcoepbrNULGY&_nc_zt=23&_nc_ht=scontent-iad3-2.cdninstagram.com&_nc_gid=pP0IBLWjUlpfTruTyEv8zg&_nc_ss=7860f&oh=00_AQNibpX-2yri1YXdF519ggMfXnJeeQhEblOPB5NWtU7Npw&oe=6AC2672E,.tmp/background-tile-corpus/296/html/296_000.jpg,ok,fc843e294f05f40144a22e5e647a1b49b6fc0933eb6ab5fa3b537ff07e34a425,https://www.instagram.com/p/B6MBw1Ph6Xy/
306,gallery-dl,https://www.reddit.com/user/wormy_Burroughs/](https://www.reddit.com/user/wormy_Burroughs/,,exit-64,,[gallery-dl][error] Unsupported URL 'https://www.reddit.com/user/wormy_Burroughs/](https://www.reddit.com/user/wormy_Burroughs/' 
306,html,https://www.reddit.com/user/wormy_Burroughs/](https://www.reddit.com/user/wormy_Burroughs/,,fetch-failed,,<HTTPError 403: 'Blocked'>
312,gallery-dl,https://www.reddit.com/r/LimitedPrintGames/comments/ev88p1/comment/ffuqf0j/,,exit-4,,"[reddit][error] ""You've been blocked by network security."" "
312,html,https://www.reddit.com/r/LimitedPrintGames/comments/ev88p1/comment/ffuqf0j/,,fetch-failed,,<HTTPError 403: 'Blocked'>
317,gallery-dl,https://www.willhaben.at/iad/kaufen-und-verkaufen/d/inside-ps4-collectors-edition-ovp-neu-1607938956/,,exit-64,,[gallery-dl][error] Unsupported URL 'https://www.willhaben.at/iad/kaufen-und-verkaufen/d/inside-ps4-collectors-edition-ovp-neu-1607938956/' 
317,html-image,https://www.willhaben.at/bbx-search/_next/static/assets/facebook_placeholder.80c20e5e0d136837.jpg,.tmp/background-tile-corpus/317/html/317_000.jpg,ok,6afe6dc23e42093673f1cefd2e8bf53b5067249ef4c033aef15b6fcfb61280d9,https://www.willhaben.at/iad/kaufen-und-verkaufen/d/inside-ps4-collectors-edition-ovp-neu-1607938956/
317,html-image,https://cache.willhaben.at/mmo/4/142/402/2504_990281129_hoved.jpg,.tmp/background-tile-corpus/317/html/317_002.webp,ok,2aabea6bcbcbc8a880677a855cca5d55a02ed2801d49ab0f3ed93519acb6b6b4,https://www.willhaben.at/iad/kaufen-und-verkaufen/d/inside-ps4-collectors-edition-ovp-neu-1607938956/
317,html-image,https://cache.willhaben.at/mmo/6/116/073/6436_761303047_hoved.jpg,.tmp/background-tile-corpus/317/html/317_003.webp,ok,2124f5f445b94c5c2222d166ab13cf355929f740fe8116ed5b332339f5ffc410,https://www.willhaben.at/iad/kaufen-und-verkaufen/d/inside-ps4-collectors-edition-ovp-neu-1607938956/
317,html-image,https://cache.willhaben.at/mmo/9/193/029/1199_-1827396115_hoved.jpg,.tmp/background-tile-corpus/317/html/317_004.webp,ok,b14dd91b3da011971cb869f6b6398e9409b9cf131f8f9093722ba3e98bcff2ca,https://www.willhaben.at/iad/kaufen-und-verkaufen/d/inside-ps4-collectors-edition-ovp-neu-1607938956/
317,html-image,https://cache.willhaben.at/mmo/2/111/554/4612_664317560_hoved.jpg,.tmp/background-tile-corpus/317/html/317_005.webp,ok,a6c419b10738fbe660821ecb7e644eb8a746dcf28d76e36c168aaa06f59b21cc,https://www.willhaben.at/iad/kaufen-und-verkaufen/d/inside-ps4-collectors-edition-ovp-neu-1607938956/
317,html-image,https://cache.willhaben.at/mmo/6/824/143/866_1734645825_hoved.jpg,.tmp/background-tile-corpus/317/html/317_006.webp,ok,47e61bd24bebbd38fc5505516ec8531c7bf300334a80db86fecd75ae227e5696,https://www.willhaben.at/iad/kaufen-und-verkaufen/d/inside-ps4-collectors-edition-ovp-neu-1607938956/
324,gallery-dl,https://twitter.com/ItsaMeFernando/status/1266191839104692224,.tmp/background-tile-corpus/324/gallery-dl/twitter/ItsaMeFernando/324_003.jpg,ok,97c7a070ac984042b5155260064255b7d39af97444a396fef87ce30f7a8d4f9a,
324,gallery-dl,https://twitter.com/ItsaMeFernando/status/1266191839104692224,.tmp/background-tile-corpus/324/gallery-dl/twitter/ItsaMeFernando/324_001.jpg,ok,96de31a0640976b94b903c6589c0414b40af79b1cfd54f727f5e70bf5acc3a94,
324,gallery-dl,https://twitter.com/ItsaMeFernando/status/1266191839104692224,.tmp/background-tile-corpus/324/gallery-dl/twitter/ItsaMeFernando/324_004.jpg,ok,83e0d17686fe321bc50d6e9f13422ebbace1c3efea4d2e7c8d3526583bcfa13c,
324,gallery-dl,https://twitter.com/ItsaMeFernando/status/1266191839104692224,.tmp/background-tile-corpus/324/gallery-dl/twitter/ItsaMeFernando/324_002.jpg,ok,6c92c2b57dbc504a7c0ecac8a6736788f668c6f8a64e5572d5d088844b6a499d,
324,gallery-dl,https://www.reddit.com/r/MattDinniman/comments/1lljk8e/first_thing_i_thought_of/,.tmp/background-tile-corpus/324/gallery-dl/twitter/ItsaMeFernando/324_003.jpg,ok,97c7a070ac984042b5155260064255b7d39af97444a396fef87ce30f7a8d4f9a,
324,gallery-dl,https://www.reddit.com/r/MattDinniman/comments/1lljk8e/first_thing_i_thought_of/,.tmp/background-tile-corpus/324/gallery-dl/twitter/ItsaMeFernando/324_001.jpg,ok,96de31a0640976b94b903c6589c0414b40af79b1cfd54f727f5e70bf5acc3a94,
324,gallery-dl,https://www.reddit.com/r/MattDinniman/comments/1lljk8e/first_thing_i_thought_of/,.tmp/background-tile-corpus/324/gallery-dl/twitter/ItsaMeFernando/324_004.jpg,ok,83e0d17686fe321bc50d6e9f13422ebbace1c3efea4d2e7c8d3526583bcfa13c,
324,gallery-dl,https://www.reddit.com/r/MattDinniman/comments/1lljk8e/first_thing_i_thought_of/,.tmp/background-tile-corpus/324/gallery-dl/twitter/ItsaMeFernando/324_002.jpg,ok,6c92c2b57dbc504a7c0ecac8a6736788f668c6f8a64e5572d5d088844b6a499d,
333,gallery-dl,https://www.ebay.com/itm/154592369029?,,exit-64,,[gallery-dl][error] Unsupported URL 'https://www.ebay.com/itm/154592369029?' 
333,html,https://www.ebay.com/itm/154592369029?,,fetch-failed,,<HTTPError 403: 'Forbidden'>
334,gallery-dl,https://www.instagram.com/bathroomgamers/?hl=nb,,exit-4,,[instagram][error] NotFoundError: Requested user could not be found 
334,html-image,https://static.cdninstagram.com/rsrc.php/v4/yD/r/R0fBIMurK8v.png,.tmp/background-tile-corpus/334/html/334_000.png,ok,b421b00fd1791a1d1ab70dd1e9667f40ca79a8c8673989864f1be092295cd7da,https://www.instagram.com/bathroomgamers/?hl=nb
338,gallery-dl,https://twitter.com/NicelyNeatly/status/1220526726863654912,.tmp/background-tile-corpus/338/gallery-dl/twitter/NicelyNeatly/338_001.jpg,ok,e38a5198388284d353630a791e872c2e3d4380c37086702569af5872a7a6f693,
338,gallery-dl,https://www.resetera.com/threads/anyone-else-randomly-receive-black-and-green-postcards-that-are-art-of-an-arg-event-and-say-theyre-coming-likely-fortnite-related.430745/page-5,.tmp/background-tile-corpus/338/gallery-dl/twitter/NicelyNeatly/338_001.jpg,ok,e38a5198388284d353630a791e872c2e3d4380c37086702569af5872a7a6f693,
339,gallery-dl,https://www.ebay.com/itm/203074386800?,,exit-64,,[gallery-dl][error] Unsupported URL 'https://www.ebay.com/itm/203074386800?' 
339,html,https://www.ebay.com/itm/203074386800?,,fetch-failed,,<HTTPError 403: 'Forbidden'>
343,gallery-dl,https://twitter.com/IAmJackSlade/status/1184569646013452288,,exit-0,,[twitter][info] No results for https://twitter.com/IAmJackSlade/status/1184569646013452288 
347,gallery-dl,https://www.reddit.com/user/Darth_Wahl/,,exit-4,,"[reddit][error] ""You've been blocked by network security."" "
347,html,https://www.reddit.com/user/Darth_Wahl/,,fetch-failed,,<HTTPError 403: 'Blocked'>
354,gallery-dl,https://www.reddit.com/user/sonicstud/,,exit-4,,"[reddit][error] ""You've been blocked by network security."" "
354,html,https://www.reddit.com/user/sonicstud/,,fetch-failed,,<HTTPError 403: 'Blocked'>
362,gallery-dl,https://twitter.com/DiamondWaddle,,exit-4,,[twitter][error] NotFoundError: Requested user could not be found 
362,html,https://twitter.com/DiamondWaddle,,fetch-failed,,<HTTPError 403: 'Forbidden'>
362,gallery-dl,https://twitter.com/ItsaMeFernando/status/1266215745110683648,.tmp/background-tile-corpus/362/gallery-dl/twitter/ItsaMeFernando/362_001.jpg,ok,4cd342284ee98d74ba6c1f3f2998c5f5dd9d7bec66c121301d20d3cce9da765a,
364,gallery-dl,https://www.reddit.com/r/PlaydeadsInside/comments/gxx2zo/the_sticker_from_the_collectors_edition_of_inside/,,exit-4,,"[reddit][error] ""You've been blocked by network security."" "
364,html,https://www.reddit.com/r/PlaydeadsInside/comments/gxx2zo/the_sticker_from_the_collectors_edition_of_inside/,,fetch-failed,,<HTTPError 403: 'Blocked'>
366,gallery-dl,https://twitter.com/_anthonynash/status/1208975146557591553,,exit-0,,[twitter][info] No results for https://twitter.com/_anthonynash/status/1208975146557591553 
384,gallery-dl,https://www.instagram.com/p/B_-c0SXprLV/,,exit-4,,[instagram][error] HTTP redirect to login page (https://www.instagram.com/accounts/login/) 
384,html-image,https://scontent-iad3-2.cdninstagram.com/v/t51.82787-15/616245454_18086171576111753_8822715639869903718_n.jpg?stp=c216.0.648.648a_dst-jpg_e35_s640x640_tt6&_nc_cat=103&ccb=7-5&_nc_sid=18de74&efg=eyJlZmdfdGFnIjoiRkVFRC5iZXN0X2ltYWdlX3VybGdlbi5DMyJ9&_nc_ohc=w71zkpTv-PYQ7kNvwFBuANq&_nc_oc=Adq4CT_m0lOULVIfpMZ1zHchxQOmh68fwIKyztdqLnetoqSJSjyOF1chAB4dLNTjrxo&_nc_zt=23&_nc_ht=scontent-iad3-2.cdninstagram.com&_nc_gid=4pRfhyirdJ04_pwxNZI7qw&_nc_ss=7860f&oh=00_AQPNyWLY8NtSekGrrM0fNQsyBh01tBNCh_kWzB06k1KWZw&oe=6AC23EB3,.tmp/background-tile-corpus/384/html/384_000.jpg,ok,05d4f3f243970d98984156046577b34a81e1681db3230de40f6d07957235ae4c,https://www.instagram.com/p/B_-c0SXprLV/
413,gallery-dl,https://twitter.com/_The_Starkiller,,exit-16,,[twitter][error] AuthRequired: authenticated cookies needed to access this timeline 
413,html,https://twitter.com/_The_Starkiller,,fetch-failed,,<HTTPError 403: 'Forbidden'>
413,gallery-dl,https://twitter.com/MinnMaxShow/status/1457204412879802378,.tmp/background-tile-corpus/413/gallery-dl/twitter/MinnMaxShow/413_001.jpg,ok,eff7d271a2076c2a81e78bc9472486e11bdf7bfad937b9832b93bce0235162b2,
413,gallery-dl,https://twitter.com/MinnMaxShow/status/1457204412879802378,.tmp/background-tile-corpus/413/gallery-dl/twitter/MinnMaxShow/413_002.jpg,ok,75bb4d1777ead9ae31726b15e56c6233acb07a84b6c86ad4994390f736672066,
436,gallery-dl,https://twitter.com/PlaydeadFan/status/1800828058569728097,.tmp/background-tile-corpus/436/gallery-dl/twitter/fjordofmike/436_001.jpg,ok,91e941b37937fcaa4f8e86191f2958df557556092538a86037bb2dbd212f6203,
436,gallery-dl,https://twitter.com/realmikefjord/status/1800480992945390009,.tmp/background-tile-corpus/436/gallery-dl/twitter/fjordofmike/436_001.jpg,ok,91e941b37937fcaa4f8e86191f2958df557556092538a86037bb2dbd212f6203,
436,gallery-dl,https://twitter.com/realmikefjord/status/1800579413211566531,.tmp/background-tile-corpus/436/gallery-dl/twitter/fjordofmike/436_001.jpg,ok,91e941b37937fcaa4f8e86191f2958df557556092538a86037bb2dbd212f6203,
436,gallery-dl,https://www.youtube.com/watch?v=dqmzrQfZrus,.tmp/background-tile-corpus/436/gallery-dl/twitter/fjordofmike/436_001.jpg,ok,91e941b37937fcaa4f8e86191f2958df557556092538a86037bb2dbd212f6203,
444,gallery-dl,https://www.ebay.com/itm/205387386884?nordt=true&rt=nc&mkrid=711-53200-19255-0&campid=5336510469&customid=noId&toolid=10001,,exit-64,,[gallery-dl][error] Unsupported URL 'https://www.ebay.com/itm/205387386884?nordt=true&rt=nc&mkrid=711-53200-19255-0&campid=5336510469&customid=noId&toolid=10001' 
444,html,https://www.ebay.com/itm/205387386884?nordt=true&rt=nc&mkrid=711-53200-19255-0&campid=5336510469&customid=noId&toolid=10001,,fetch-failed,,<HTTPError 403: 'Forbidden'>
445,gallery-dl,https://archive.ph/8i5qC,,exit-64,,[gallery-dl][error] Unsupported URL 'https://archive.ph/8i5qC' 
445,html,https://archive.ph/8i5qC,,fetch-failed,,<HTTPError 429: 'Too Many Requests'>
450,gallery-dl,https://twitter.com/Kshpoople,,exit-16,,[twitter][error] AuthRequired: authenticated cookies needed to access this timeline 
450,html,https://twitter.com/Kshpoople,,fetch-failed,,<HTTPError 403: 'Forbidden'>
450,gallery-dl,https://twitter.com/kshpoople/status/971242314248151041?s=21&t=_R58M_GSZBum-nAklzV7_w,,exit-0,,[twitter][info] No results for https://twitter.com/kshpoople/status/971242314248151041?s=21&t=_R58M_GSZBum-nAklzV7_w 
470,gallery-dl,https://www.ebay.ca/itm/376334499280,,exit-64,,[gallery-dl][error] Unsupported URL 'https://www.ebay.ca/itm/376334499280' 
470,html,https://www.ebay.ca/itm/376334499280,,fetch-failed,,<HTTPError 403: 'Forbidden'>
470,gallery-dl,https://www.reddit.com/r/PlaydeadsInside/comments/1l5x8rb/comment/mzmjghm/?context=3&share_id=M5F57k78WmQTcdcz7Z5Vp&utm_content=1&utm_medium=ios_app&utm_name=ioscss&utm_source=share&utm_term=1,,exit-4,,"[reddit][error] ""You've been blocked by network security."" "
470,html,https://www.reddit.com/r/PlaydeadsInside/comments/1l5x8rb/comment/mzmjghm/?context=3&share_id=M5F57k78WmQTcdcz7Z5Vp&utm_content=1&utm_medium=ios_app&utm_name=ioscss&utm_source=share&utm_term=1,,fetch-failed,,<HTTPError 403: 'Blocked'>
476,gallery-dl,https://www.youtube.com/watch?v=eXxklNxsVWw,,exit-64,,[gallery-dl][error] Unsupported URL 'https://www.youtube.com/watch?v=eXxklNxsVWw' 
478,gallery-dl,https://twitter.com/_nintendojames/status/1568780570871709697,.tmp/background-tile-corpus/478/gallery-dl/twitter/_nintendojames/478_001.jpg,ok,5656c9616796a1c7b1464a4bfdd99e3125d1636fceb6fd7548aea3b5e5038bba,
597,gallery-dl,https://www.youtube.com/watch?v=zhCdGdqCIRU,,exit-64,,[gallery-dl][error] Unsupported URL 'https://www.youtube.com/watch?v=zhCdGdqCIRU' 
