source_id,date,source_type,actor,url,claim,evidence_status,relevance
A01,2018-03-06,press coverage,iam8bit/Playdead/RealDoll,https://www.playstationlifestyle.net/2018/03/06/iam8bit-announces-inside-collectors-edition/,"CE announced as iam8bit x Playdead x RealDoll collaboration; timed preorder began 2018-03-08",secondary contemporary,chronology
A02,2018-03-06,press coverage,iam8bit,https://www.pcgamesn.com/inside/inside-collectors-edition-realdoll-iam8bit,"Preorders ended 2018-06-08; contents intentionally withheld",secondary contemporary,chronology
A03,2019-12-11,owner thread,iam8bit,https://www.reddit.com/r/PlaydeadsInside/comments/e9bteo/now_shipping_finally/,"Owner reports iam8bit said editions were 'numbered... in their own way' and declined to state production quantity",contemporaneous secondhand quotation,numbering intent
A04,2019-12-11,owner thread,packaging,https://www.reddit.com/r/PlaydeadsInside/comments/e9bteo/now_shipping_finally/,"Number/symbol sticker identified on black envelope containing PS4 game",contemporaneous owner observation,application stage
A05,2019-12-23,owner comparison,packaging,https://www.reddit.com/r/PlaydeadsInside/comments/eers0x,"Owner with CE plus basic physical copy reports basic copy had no brown wrapping and no numbered sticker",contemporaneous owner comparison,CE-specific kitting
A06,2026-09-27,community clarification,packaging,https://www.reddit.com/r/PlaydeadsInside/comments/1wruv2d/psa_you_dont_need_to_open_your_inside_collectors/,"Sticker accessible from shipping packaging without opening collectible proper",community operational observation,application stage
A07,2026,owner/community clarification,packaging,https://www.reddit.com/r/PlaydeadsInside/comments/1l5x8rb/does_anyone_know_where_i_can_get_the_inside/,"Outer carton contains brown-wrapped CE box and black-wrapped PS4 game; coded sticker seals black game wrap",community packaging description,application stage
A08,2022-06-19,interview,iam8bit,https://www.thesixthaxis.com/2022/06/19/interview-iam8bit-founders-on-publishing-day-of-the-devs-and-that-inside-collectors-edition/,"Jon M. Gibson and Amanda White describe close Playdead collaboration and iam8bit tracking RealDoll fabrication",firsthand retrospective interview,responsibility map
A09,current,official product page,iam8bit,https://www.iam8bit.com/products/inside-collector-s-edition,"CE described as close iam8bit/Playdead collaboration; Huddle specifically produced with RealDoll",first-party current,responsibility map
A10,current,official product page,iam8bit,https://www.iam8bit.com/products/inside-ps4-physical-game,"Standalone INSIDE PS4 edition listed as limited edition of 2000 and developed alongside CE",first-party current,control product
A11,2020-04,forum reproduction of email,iam8bit,https://www.cheapassgamer.com/threads/official-collectors-edition-compilation-xi-2020.371308/page-17,"Reproduced iam8bit waitlist email says a very small extra quantity became available after initial timed sale",secondary reproduction of first-party email,quantity/overrun
A12,current,community repository,twinysam/INSIDE-ARG,https://github.com/twinysam/INSIDE-ARG,"Long-running community documentation identifies coded stickers as CE wrapping seals and records sticker corpus/provenance",community primary research,packaging/corpus
A13,current,official contact page,iam8bit,https://www.iam8bit.com/pages/contact,"iam8bit routes general merchandise/general questions through support portal",first-party current,outreach route
A14,current,official press page,Playdead,https://www.playdead.com/press/,"Playdead publishes a press inquiry contact route",first-party current,outreach route
A15,2016,game credits,Playdead,https://gamefaqs.gamespot.com/xboxone/805489-inside/credit,"INSIDE credits list Mads Wibroe as Producer and Arnt Jensen as Director/Executive Producer",secondary transcription of game credits,Playdead routing
