id,primary_index,selector_index,unknown43_hex
0,0,0,404add815c3
1,0,1,6042dd815c3
2,0,2,440add815c3
3,0,3,6402dd815c3
4,0,4,4068dd815c3
5,0,5,6060dd815c3
6,0,6,4428dd815c3
7,0,7,6420dd815c3
8,0,8,4248dd815c3
9,0,9,6240dd815c3
10,0,10,4608dd815c3
11,0,11,6600dd815c3
12,0,12,405a5d815c3
13,0,13,60525d815c3
14,0,14,441a5d815c3
15,0,15,64125d815c3
16,0,16,40785d815c3
17,0,17,60705d815c3
18,0,18,44385d815c3
19,0,19,64305d815c3
20,0,20,42585d815c3
21,0,21,62505d815c3
22,0,22,46185d815c3
23,0,23,66105d815c3
24,0,24,414a5d815c3
25,0,25,61425d815c3
26,0,26,450a5d815c3
27,0,27,65025d815c3
28,0,28,41685d815c3
29,0,29,61605d815c3
30,0,30,45285d815c3
31,0,31,65205d815c3
32,0,32,43485d815c3
33,0,33,63405d815c3
34,0,34,47085d815c3
35,0,35,67005d815c3
36,1,0,404add415c3
37,1,1,6042dd415c3
38,1,2,440add415c3
39,1,3,6402dd415c3
40,1,4,4068dd415c3
41,1,5,6060dd415c3
42,1,6,4428dd415c3
43,1,7,6420dd415c3
44,1,8,4248dd415c3
45,1,9,6240dd415c3
46,1,10,4608dd415c3
47,1,11,6600dd415c3
48,1,12,405a5d415c3
49,1,13,60525d415c3
50,1,14,441a5d415c3
51,1,15,64125d415c3
52,1,16,40785d415c3
53,1,17,60705d415c3
54,1,18,44385d415c3
55,1,19,64305d415c3
56,1,20,42585d415c3
57,1,21,62505d415c3
58,1,22,46185d415c3
59,1,23,66105d415c3
60,1,24,414a5d415c3
61,1,25,61425d415c3
62,1,26,450a5d415c3
63,1,27,65025d415c3
64,1,28,41685d415c3
65,1,29,61605d415c3
66,1,30,45285d415c3
67,1,31,65205d415c3
68,1,32,43485d415c3
69,1,33,63405d415c3
70,1,34,47085d415c3
71,1,35,67005d415c3
72,2,0,404adcc15c3
73,2,1,6042dcc15c3
74,2,2,440adcc15c3
75,2,3,6402dcc15c3
76,2,4,4068dcc15c3
77,2,5,6060dcc15c3
78,2,6,4428dcc15c3
79,2,7,6420dcc15c3
80,2,8,4248dcc15c3
81,2,9,6240dcc15c3
82,2,10,4608dcc15c3
83,2,11,6600dcc15c3
84,2,12,405a5cc15c3
85,2,13,60525cc15c3
86,2,14,441a5cc15c3
87,2,15,64125cc15c3
88,2,16,40785cc15c3
89,2,17,60705cc15c3
90,2,18,44385cc15c3
91,2,19,64305cc15c3
92,2,20,42585cc15c3
93,2,21,62505cc15c3
94,2,22,46185cc15c3
95,2,23,66105cc15c3
96,2,24,414a5cc15c3
97,2,25,61425cc15c3
98,2,26,450a5cc15c3
99,2,27,65025cc15c3
100,2,28,41685cc15c3
101,2,29,61605cc15c3
102,2,30,45285cc15c3
103,2,31,65205cc15c3
104,2,32,43485cc15c3
105,2,33,63405cc15c3
106,2,34,47085cc15c3
107,2,35,67005cc15c3
108,3,0,404addb95c3
109,3,1,6042ddb95c3
110,3,2,440addb95c3
111,3,3,6402ddb95c3
112,3,4,4068ddb95c3
113,3,5,6060ddb95c3
114,3,6,4428ddb95c3
115,3,7,6420ddb95c3
116,3,8,4248ddb95c3
117,3,9,6240ddb95c3
118,3,10,4608ddb95c3
119,3,11,6600ddb95c3
120,3,12,405a5db95c3
121,3,13,60525db95c3
122,3,14,441a5db95c3
123,3,15,64125db95c3
124,3,16,40785db95c3
125,3,17,60705db95c3
126,3,18,44385db95c3
127,3,19,64305db95c3
128,3,20,42585db95c3
129,3,21,62505db95c3
130,3,22,46185db95c3
131,3,23,66105db95c3
132,3,24,414a5db95c3
133,3,25,61425db95c3
134,3,26,450a5db95c3
135,3,27,65025db95c3
136,3,28,41685db95c3
137,3,29,61605db95c3
138,3,30,45285db95c3
139,3,31,65205db95c3
140,3,32,43485db95c3
141,3,33,63405db95c3
142,3,34,47085db95c3
143,3,35,67005db95c3
144,4,0,404add795c3
145,4,1,6042dd795c3
146,4,2,440add795c3
147,4,3,6402dd795c3
148,4,4,4068dd795c3
149,4,5,6060dd795c3
150,4,6,4428dd795c3
151,4,7,6420dd795c3
152,4,8,4248dd795c3
153,4,9,6240dd795c3
154,4,10,4608dd795c3
155,4,11,6600dd795c3
156,4,12,405a5d795c3
157,4,13,60525d795c3
158,4,14,441a5d795c3
159,4,15,64125d795c3
160,4,16,40785d795c3
161,4,17,60705d795c3
162,4,18,44385d795c3
163,4,19,64305d795c3
164,4,20,42585d795c3
165,4,21,62505d795c3
166,4,22,46185d795c3
167,4,23,66105d795c3
168,4,24,414a5d795c3
169,4,25,61425d795c3
170,4,26,450a5d795c3
171,4,27,65025d795c3
172,4,28,41685d795c3
173,4,29,61605d795c3
174,4,30,45285d795c3
175,4,31,65205d795c3
176,4,32,43485d795c3
177,4,33,63405d795c3
178,4,34,47085d795c3
179,4,35,67005d795c3
180,5,0,404adcf95c3
181,5,1,6042dcf95c3
182,5,2,440adcf95c3
183,5,3,6402dcf95c3
184,5,4,4068dcf95c3
185,5,5,6060dcf95c3
186,5,6,4428dcf95c3
187,5,7,6420dcf95c3
188,5,8,4248dcf95c3
189,5,9,6240dcf95c3
190,5,10,4608dcf95c3
191,5,11,6600dcf95c3
192,5,12,405a5cf95c3
193,5,13,60525cf95c3
194,5,14,441a5cf95c3
195,5,15,64125cf95c3
196,5,16,40785cf95c3
197,5,17,60705cf95c3
198,5,18,44385cf95c3
199,5,19,64305cf95c3
200,5,20,42585cf95c3
201,5,21,62505cf95c3
202,5,22,46185cf95c3
203,5,23,66105cf95c3
204,5,24,414a5cf95c3
205,5,25,61425cf95c3
206,5,26,450a5cf95c3
207,5,27,65025cf95c3
208,5,28,41685cf95c3
209,5,29,61605cf95c3
210,5,30,45285cf95c3
211,5,31,65205cf95c3
212,5,32,43485cf95c3
213,5,33,63405cf95c3
214,5,34,47085cf95c3
215,5,35,67005cf95c3
216,6,0,404addad5c3
217,6,1,6042ddad5c3
218,6,2,440addad5c3
219,6,3,6402ddad5c3
220,6,4,4068ddad5c3
221,6,5,6060ddad5c3
222,6,6,4428ddad5c3
223,6,7,6420ddad5c3
224,6,8,4248ddad5c3
225,6,9,6240ddad5c3
226,6,10,4608ddad5c3
227,6,11,6600ddad5c3
228,6,12,405a5dad5c3
229,6,13,60525dad5c3
230,6,14,441a5dad5c3
231,6,15,64125dad5c3
232,6,16,40785dad5c3
233,6,17,60705dad5c3
234,6,18,44385dad5c3
235,6,19,64305dad5c3
236,6,20,42585dad5c3
237,6,21,62505dad5c3
238,6,22,46185dad5c3
239,6,23,66105dad5c3
240,6,24,414a5dad5c3
241,6,25,61425dad5c3
242,6,26,450a5dad5c3
243,6,27,65025dad5c3
244,6,28,41685dad5c3
245,6,29,61605dad5c3
246,6,30,45285dad5c3
247,6,31,65205dad5c3
248,6,32,43485dad5c3
249,6,33,63405dad5c3
250,6,34,47085dad5c3
251,6,35,67005dad5c3
252,7,0,404add6d5c3
253,7,1,6042dd6d5c3
254,7,2,440add6d5c3
255,7,3,6402dd6d5c3
256,7,4,4068dd6d5c3
257,7,5,6060dd6d5c3
258,7,6,4428dd6d5c3
259,7,7,6420dd6d5c3
260,7,8,4248dd6d5c3
261,7,9,6240dd6d5c3
262,7,10,4608dd6d5c3
263,7,11,6600dd6d5c3
264,7,12,405a5d6d5c3
265,7,13,60525d6d5c3
266,7,14,441a5d6d5c3
267,7,15,64125d6d5c3
268,7,16,40785d6d5c3
269,7,17,60705d6d5c3
270,7,18,44385d6d5c3
271,7,19,64305d6d5c3
272,7,20,42585d6d5c3
273,7,21,62505d6d5c3
274,7,22,46185d6d5c3
275,7,23,66105d6d5c3
276,7,24,414a5d6d5c3
277,7,25,61425d6d5c3
278,7,26,450a5d6d5c3
279,7,27,65025d6d5c3
280,7,28,41685d6d5c3
281,7,29,61605d6d5c3
282,7,30,45285d6d5c3
283,7,31,65205d6d5c3
284,7,32,43485d6d5c3
285,7,33,63405d6d5c3
286,7,34,47085d6d5c3
287,7,35,67005d6d5c3
288,8,0,404adced5c3
289,8,1,6042dced5c3
290,8,2,440adced5c3
291,8,3,6402dced5c3
292,8,4,4068dced5c3
293,8,5,6060dced5c3
294,8,6,4428dced5c3
295,8,7,6420dced5c3
296,8,8,4248dced5c3
297,8,9,6240dced5c3
298,8,10,4608dced5c3
299,8,11,6600dced5c3
300,8,12,405a5ced5c3
301,8,13,60525ced5c3
302,8,14,441a5ced5c3
303,8,15,64125ced5c3
304,8,16,40785ced5c3
305,8,17,60705ced5c3
306,8,18,44385ced5c3
307,8,19,64305ced5c3
308,8,20,42585ced5c3
309,8,21,62505ced5c3
310,8,22,46185ced5c3
311,8,23,66105ced5c3
312,8,24,414a5ced5c3
313,8,25,61425ced5c3
314,8,26,450a5ced5c3
315,8,27,65025ced5c3
316,8,28,41685ced5c3
317,8,29,61605ced5c3
318,8,30,45285ced5c3
319,8,31,65205ced5c3
320,8,32,43485ced5c3
321,8,33,63405ced5c3
322,8,34,47085ced5c3
323,8,35,67005ced5c3
324,9,0,404add815a3
325,9,1,6042dd815a3
326,9,2,440add815a3
327,9,3,6402dd815a3
328,9,4,4068dd815a3
329,9,5,6060dd815a3
330,9,6,4428dd815a3
331,9,7,6420dd815a3
332,9,8,4248dd815a3
333,9,9,6240dd815a3
334,9,10,4608dd815a3
335,9,11,6600dd815a3
336,9,12,405a5d815a3
337,9,13,60525d815a3
338,9,14,441a5d815a3
339,9,15,64125d815a3
340,9,16,40785d815a3
341,9,17,60705d815a3
342,9,18,44385d815a3
343,9,19,64305d815a3
344,9,20,42585d815a3
345,9,21,62505d815a3
346,9,22,46185d815a3
347,9,23,66105d815a3
348,9,24,414a5d815a3
349,9,25,61425d815a3
350,9,26,450a5d815a3
351,9,27,65025d815a3
352,9,28,41685d815a3
353,9,29,61605d815a3
354,9,30,45285d815a3
355,9,31,65205d815a3
356,9,32,43485d815a3
357,9,33,63405d815a3
358,9,34,47085d815a3
359,9,35,67005d815a3
360,10,0,404add415a3
361,10,1,6042dd415a3
362,10,2,440add415a3
363,10,3,6402dd415a3
364,10,4,4068dd415a3
365,10,5,6060dd415a3
366,10,6,4428dd415a3
367,10,7,6420dd415a3
368,10,8,4248dd415a3
369,10,9,6240dd415a3
370,10,10,4608dd415a3
371,10,11,6600dd415a3
372,10,12,405a5d415a3
373,10,13,60525d415a3
374,10,14,441a5d415a3
375,10,15,64125d415a3
376,10,16,40785d415a3
377,10,17,60705d415a3
378,10,18,44385d415a3
379,10,19,64305d415a3
380,10,20,42585d415a3
381,10,21,62505d415a3
382,10,22,46185d415a3
383,10,23,66105d415a3
384,10,24,414a5d415a3
385,10,25,61425d415a3
386,10,26,450a5d415a3
387,10,27,65025d415a3
388,10,28,41685d415a3
389,10,29,61605d415a3
390,10,30,45285d415a3
391,10,31,65205d415a3
392,10,32,43485d415a3
393,10,33,63405d415a3
394,10,34,47085d415a3
395,10,35,67005d415a3
396,11,0,404adcc15a3
397,11,1,6042dcc15a3
398,11,2,440adcc15a3
399,11,3,6402dcc15a3
400,11,4,4068dcc15a3
401,11,5,6060dcc15a3
402,11,6,4428dcc15a3
403,11,7,6420dcc15a3
404,11,8,4248dcc15a3
405,11,9,6240dcc15a3
406,11,10,4608dcc15a3
407,11,11,6600dcc15a3
408,11,12,405a5cc15a3
409,11,13,60525cc15a3
410,11,14,441a5cc15a3
411,11,15,64125cc15a3
412,11,16,40785cc15a3
413,11,17,60705cc15a3
414,11,18,44385cc15a3
415,11,19,64305cc15a3
416,11,20,42585cc15a3
417,11,21,62505cc15a3
418,11,22,46185cc15a3
419,11,23,66105cc15a3
420,11,24,414a5cc15a3
421,11,25,61425cc15a3
422,11,26,450a5cc15a3
423,11,27,65025cc15a3
424,11,28,41685cc15a3
425,11,29,61605cc15a3
426,11,30,45285cc15a3
427,11,31,65205cc15a3
428,11,32,43485cc15a3
429,11,33,63405cc15a3
430,11,34,47085cc15a3
431,11,35,67005cc15a3
432,12,0,404addb95a3
433,12,1,6042ddb95a3
434,12,2,440addb95a3
435,12,3,6402ddb95a3
436,12,4,4068ddb95a3
437,12,5,6060ddb95a3
438,12,6,4428ddb95a3
439,12,7,6420ddb95a3
440,12,8,4248ddb95a3
441,12,9,6240ddb95a3
442,12,10,4608ddb95a3
443,12,11,6600ddb95a3
444,12,12,405a5db95a3
445,12,13,60525db95a3
446,12,14,441a5db95a3
447,12,15,64125db95a3
448,12,16,40785db95a3
449,12,17,60705db95a3
450,12,18,44385db95a3
451,12,19,64305db95a3
452,12,20,42585db95a3
453,12,21,62505db95a3
454,12,22,46185db95a3
455,12,23,66105db95a3
456,12,24,414a5db95a3
457,12,25,61425db95a3
458,12,26,450a5db95a3
459,12,27,65025db95a3
460,12,28,41685db95a3
461,12,29,61605db95a3
462,12,30,45285db95a3
463,12,31,65205db95a3
464,12,32,43485db95a3
465,12,33,63405db95a3
466,12,34,47085db95a3
467,12,35,67005db95a3
468,13,0,404add795a3
469,13,1,6042dd795a3
470,13,2,440add795a3
471,13,3,6402dd795a3
472,13,4,4068dd795a3
473,13,5,6060dd795a3
474,13,6,4428dd795a3
475,13,7,6420dd795a3
476,13,8,4248dd795a3
477,13,9,6240dd795a3
478,13,10,4608dd795a3
479,13,11,6600dd795a3
480,13,12,405a5d795a3
481,13,13,60525d795a3
482,13,14,441a5d795a3
483,13,15,64125d795a3
484,13,16,40785d795a3
485,13,17,60705d795a3
486,13,18,44385d795a3
487,13,19,64305d795a3
488,13,20,42585d795a3
489,13,21,62505d795a3
490,13,22,46185d795a3
491,13,23,66105d795a3
492,13,24,414a5d795a3
493,13,25,61425d795a3
494,13,26,450a5d795a3
495,13,27,65025d795a3
496,13,28,41685d795a3
497,13,29,61605d795a3
498,13,30,45285d795a3
499,13,31,65205d795a3
500,13,32,43485d795a3
501,13,33,63405d795a3
502,13,34,47085d795a3
503,13,35,67005d795a3
504,14,0,404adcf95a3
505,14,1,6042dcf95a3
506,14,2,440adcf95a3
507,14,3,6402dcf95a3
508,14,4,4068dcf95a3
509,14,5,6060dcf95a3
510,14,6,4428dcf95a3
511,14,7,6420dcf95a3
512,14,8,4248dcf95a3
513,14,9,6240dcf95a3
514,14,10,4608dcf95a3
515,14,11,6600dcf95a3
516,14,12,405a5cf95a3
517,14,13,60525cf95a3
518,14,14,441a5cf95a3
519,14,15,64125cf95a3
520,14,16,40785cf95a3
521,14,17,60705cf95a3
522,14,18,44385cf95a3
523,14,19,64305cf95a3
524,14,20,42585cf95a3
525,14,21,62505cf95a3
526,14,22,46185cf95a3
527,14,23,66105cf95a3
528,14,24,414a5cf95a3
529,14,25,61425cf95a3
530,14,26,450a5cf95a3
531,14,27,65025cf95a3
532,14,28,41685cf95a3
533,14,29,61605cf95a3
534,14,30,45285cf95a3
535,14,31,65205cf95a3
536,14,32,43485cf95a3
537,14,33,63405cf95a3
538,14,34,47085cf95a3
539,14,35,67005cf95a3
540,15,0,404addad5a3
541,15,1,6042ddad5a3
542,15,2,440addad5a3
543,15,3,6402ddad5a3
544,15,4,4068ddad5a3
545,15,5,6060ddad5a3
546,15,6,4428ddad5a3
547,15,7,6420ddad5a3
548,15,8,4248ddad5a3
549,15,9,6240ddad5a3
550,15,10,4608ddad5a3
551,15,11,6600ddad5a3
552,15,12,405a5dad5a3
553,15,13,60525dad5a3
554,15,14,441a5dad5a3
555,15,15,64125dad5a3
556,15,16,40785dad5a3
557,15,17,60705dad5a3
558,15,18,44385dad5a3
559,15,19,64305dad5a3
560,15,20,42585dad5a3
561,15,21,62505dad5a3
562,15,22,46185dad5a3
563,15,23,66105dad5a3
564,15,24,414a5dad5a3
565,15,25,61425dad5a3
566,15,26,450a5dad5a3
567,15,27,65025dad5a3
568,15,28,41685dad5a3
569,15,29,61605dad5a3
570,15,30,45285dad5a3
571,15,31,65205dad5a3
572,15,32,43485dad5a3
573,15,33,63405dad5a3
574,15,34,47085dad5a3
575,15,35,67005dad5a3
576,16,0,404add6d5a3
577,16,1,6042dd6d5a3
578,16,2,440add6d5a3
579,16,3,6402dd6d5a3
580,16,4,4068dd6d5a3
581,16,5,6060dd6d5a3
582,16,6,4428dd6d5a3
583,16,7,6420dd6d5a3
584,16,8,4248dd6d5a3
585,16,9,6240dd6d5a3
586,16,10,4608dd6d5a3
587,16,11,6600dd6d5a3
588,16,12,405a5d6d5a3
589,16,13,60525d6d5a3
590,16,14,441a5d6d5a3
591,16,15,64125d6d5a3
592,16,16,40785d6d5a3
593,16,17,60705d6d5a3
594,16,18,44385d6d5a3
595,16,19,64305d6d5a3
596,16,20,42585d6d5a3
597,16,21,62505d6d5a3
598,16,22,46185d6d5a3
599,16,23,66105d6d5a3
600,16,24,414a5d6d5a3
601,16,25,61425d6d5a3
602,16,26,450a5d6d5a3
603,16,27,65025d6d5a3
604,16,28,41685d6d5a3
605,16,29,61605d6d5a3
606,16,30,45285d6d5a3
607,16,31,65205d6d5a3
608,16,32,43485d6d5a3
609,16,33,63405d6d5a3
610,16,34,47085d6d5a3
611,16,35,67005d6d5a3
612,17,0,404adced5a3
613,17,1,6042dced5a3
614,17,2,440adced5a3
615,17,3,6402dced5a3
616,17,4,4068dced5a3
617,17,5,6060dced5a3
618,17,6,4428dced5a3
619,17,7,6420dced5a3
620,17,8,4248dced5a3
621,17,9,6240dced5a3
622,17,10,4608dced5a3
623,17,11,6600dced5a3
624,17,12,405a5ced5a3
625,17,13,60525ced5a3
626,17,14,441a5ced5a3
627,17,15,64125ced5a3
628,17,16,40785ced5a3
629,17,17,60705ced5a3
630,17,18,44385ced5a3
631,17,19,64305ced5a3
632,17,20,42585ced5a3
633,17,21,62505ced5a3
634,17,22,46185ced5a3
635,17,23,66105ced5a3
636,17,24,414a5ced5a3
637,17,25,61425ced5a3
638,17,26,450a5ced5a3
639,17,27,65025ced5a3
640,17,28,41685ced5a3
641,17,29,61605ced5a3
642,17,30,45285ced5a3
643,17,31,65205ced5a3
644,17,32,43485ced5a3
645,17,33,63405ced5a3
646,17,34,47085ced5a3
647,17,35,67005ced5a3
