residue,background,alphabet,candidate_counts,entropy_bits,physical_serials_1_600
22,D,/-,"-:324|/:324",1,"22|130|238|346|454|562"
25,G,/-,"/:324|-:324",1,"25|133|241|349|457|565"
88,G,/.,"/:324|.:324",1,"88|196|304|412|520"
94,D,/.,"/:324|.:324",1,"94|202|310|418|526"
103,D,/.,".:324|/:324",1,"103|211|319|427|535"
106,G,/.,".:324|/:324",1,"106|214|322|430|538"
49,D,/-,"-:432|/:216",0.918295834054,"49|157|265|373|481|589"
50,E,/-,"-:216|/:432",0.918295834054,"50|158|266|374|482|590"
52,G,/-,"-:432|/:216",0.918295834054,"52|160|268|376|484|592"
54,I,/-,"-:216|/:432",0.918295834054,"54|162|270|378|486|594"
55,A,/-,"-:216|/:432",0.918295834054,"55|163|271|379|487|595"
58,D,/-,"/:432|-:216",0.918295834054,"58|166|274|382|490|598"
61,G,/-,"/:432|-:216",0.918295834054,"61|169|277|385|493"
82,A,/.,"/:216|.:432",0.918295834054,"82|190|298|406|514"
84,C,/.,"/:216|.:432",0.918295834054,"84|192|300|408|516"
91,A,/.,".:432|/:216",0.918295834054,"91|199|307|415|523"
93,C,/.,".:432|/:216",0.918295834054,"93|201|309|417|525"
100,A,/.,".:432|/:216",0.918295834054,"100|208|316|424|532"
102,C,/.,".:432|/:216",0.918295834054,"102|210|318|426|534"
1,A,/-,"/:648",0,"1|109|217|325|433|541"
6,F,/-,"/:648",0,"6|114|222|330|438|546"
8,H,/-,"-:648",0,"8|116|224|332|440|548"
11,B,/-,"-:648",0,"11|119|227|335|443|551"
16,G,/-,"-:648",0,"16|124|232|340|448|556"
27,I,/-,"/:648",0,"27|135|243|351|459|567"
28,A,/-,"/:648",0,"28|136|244|352|460|568"
33,F,/-,"-:648",0,"33|141|249|357|465|573"
34,G,/-,"/:648",0,"34|142|250|358|466|574"
35,H,/-,"-:648",0,"35|143|251|359|467|575"
41,E,/-,"/:648",0,"41|149|257|365|473|581"
45,I,/-,"-:648",0,"45|153|261|369|477|585"
62,H,/-,"-:648",0,"62|170|278|386|494"
64,A,/-,"/:648",0,"64|172|280|388|496"
67,D,/-,"/:648",0,"67|175|283|391|499"
68,E,/-,"/:648",0,"68|176|284|392|500"
73,A,/-,"-:648",0,"73|181|289|397|505"
77,E,/-,"/:648",0,"77|185|293|401|509"
83,B,/.,".:648",0,"83|191|299|407|515"
87,F,/.,".:648",0,"87|195|303|411|519"
99,I,/.,".:648",0,"99|207|315|423|531"
104,E,/.,".:648",0,"104|212|320|428|536"
105,F,/.,".:648",0,"105|213|321|429|537"
107,H,/.,"/:648",0,"107|215|323|431|539"
