serial,residue,symbol,image_class
2,2,/,B
3,3,-,C
20,20,/,B
21,21,-,C
32,32,/,E
37,37,-,A
38,38,/,B
39,39,/,C
47,47,/,B
53,53,-,H
59,59,/,E
63,63,/,I
65,65,/,B
66,66,/,C
72,72,-,I
92,92,.,B
95,95,.,E
97,97,.,G
118,10,-,A
123,15,/,F
125,17,/,H
126,18,-,I
132,24,-,F
154,46,/,A
156,48,/,C
164,56,/,B
171,63,/,I
178,70,-,G
179,71,-,H
182,74,-,B
183,75,-,C
184,76,/,D
187,79,/,G
193,85,.,D
194,86,/,E
206,98,.,H
221,5,/,E
223,7,/,G
231,15,/,F
242,26,-,H
245,29,/,B
247,31,-,D
248,32,/,E
252,36,/,I
258,42,/,F
263,47,/,B
267,51,-,F
282,66,/,C
296,80,/,H
306,90,.,I
312,96,/,F
317,101,/,B
324,108,/,I
328,4,-,D
333,9,/,I
334,10,-,A
336,12,-,C
338,14,-,E
339,15,/,F
343,19,-,A
347,23,-,E
354,30,/,C
362,38,/,B
364,40,/,D
366,42,/,F
375,51,-,F
384,60,/,F
393,69,/,F
402,78,/,F
405,81,/,I
413,89,.,H
436,4,-,D
444,12,-,C
445,13,/,D
449,17,/,H
450,18,-,I
469,37,-,A
470,38,/,B
475,43,/,G
476,44,-,H
478,46,/,A
597,57,-,C
