serial,tile,path,status,rectification,area_fraction,side_ratio,min_corner_clearance_fraction,min_side_pixels
2,B,archive/stickers/originals/002/002.jpg,usable,quad-p75,0.240313,1.185026,0.202978,617.728905
3,C,archive/stickers/originals/003/003.jpg,source-border-risk,min-area-rect,0.796853,1.238562,-0.0,306.0
20,B,archive/stickers/originals/020/020.jpg,source-border-risk,min-area-rect,0.820165,1.094277,-0.0,3023.0
21,C,archive/stickers/originals/021/021.png,usable,quad-p55,0.542207,1.076104,0.039297,816.009804
32,E,archive/stickers/originals/032/032.jpg,source-border-risk,quad-p55,0.602537,1.914781,0.0,1891.801522
37,A,archive/stickers/originals/037/037.jpg,usable,quad-p75,0.182744,1.00917,0.270955,218.057332
38,B,archive/stickers/originals/038/038.jpg,edge-resolution-low,quad-p75,0.182934,1.029907,0.250814,141.003546
39,C,archive/stickers/originals/039/039.jpg,source-border-risk,min-area-rect,0.760456,1.449883,-0.0,429.0
47,B,archive/stickers/originals/047/047.jpg,usable,quad-p75,0.258961,1.018652,0.198235,859.014552
53,H,archive/stickers/originals/053/053.jpg,source-border-risk,min-area-rect,0.612738,1.26133,-0.020634,2433.739673
59,E,archive/stickers/originals/059/059.jpg,usable,quad-p55,0.556824,1.150772,0.030093,2414.000207
63,I,archive/stickers/originals/063/063.webp,usable,quad-p75,0.306621,1.129624,0.1321,465.0
65,B,archive/stickers/originals/065/065.jpg,source-border-risk,min-area-rect,0.738656,1.096,-0.0,124.999977
66,C,archive/stickers/originals/066/066.jpg,source-border-risk,min-area-rect,0.745964,1.590966,-0.0,2391.0
72,I,archive/stickers/originals/072/072.jpg,source-border-risk,quad-p55,0.575268,1.296668,0.0,2331.360547
92,B,archive/stickers/originals/092/092.jpg,source-border-risk,min-area-rect,0.80297,1.366713,-0.0,1448.0
95,E,archive/stickers/originals/095/095.jpg,usable,quad-p55,0.449988,1.168155,0.036765,1804.536506
97,G,archive/stickers/originals/097/097.jpg,source-border-risk,quad-p55,0.46818,1.289152,0.0,2056.281109
118,A,archive/stickers/originals/118/118.jpg,usable,quad-p65,0.26347,1.017415,0.176523,632.000791
123,F,archive/stickers/originals/123/123.jpg,source-border-risk,quad-p55,0.568423,1.876663,0.0,1002.880352
125,H,archive/stickers/originals/125/125.jpg,usable,quad-p55,0.433318,1.027731,0.075325,288.027776
126,I,archive/stickers/originals/126/126.jpg,usable,quad-p75,0.151207,1.034106,0.244094,766.016318
132,F,archive/stickers/originals/132/132.jpg,usable,min-area-rect,0.645534,1.003289,0.085955,1824.0
154,A,archive/stickers/originals/154/154.jpg,usable,quad-p55,0.212628,1.012241,0.22596,1473.003055
156,C,archive/stickers/originals/156/156.jpg,source-border-risk,min-area-rect,0.963523,1.289041,-0.223392,1470.890905
164,B,archive/stickers/originals/164/164.jpg,usable,quad-p75,0.261864,1.021636,0.212782,740.006081
171,I,archive/stickers/originals/171/171.jpg,usable,min-area-rect,0.672537,1.076354,0.019661,2760.142964
178,G,archive/stickers/originals/178/178.png,usable,quad-p55,0.47463,1.046497,0.129032,409.001222
179,H,archive/stickers/originals/179/179.png,usable,quad-p55,0.532708,1.027463,0.114286,435.056318
182,B,archive/stickers/originals/182/182.jpg,usable,quad-p55,0.30098,1.019767,0.118981,1568.015625
183,C,archive/stickers/originals/183/183.jpg,edge-resolution-low,quad-p75,0.171931,1.121206,0.171779,146.167712
184,D,archive/stickers/originals/184/184.jpg,usable,quad-p65,0.330631,1.0457,0.104167,1614.242857
187,G,archive/stickers/originals/187/187.jpg,usable,quad-p65,0.200547,1.045933,0.228571,195.125601
193,D,archive/stickers/originals/193/193.jpg,source-border-risk,min-area-rect,0.797416,1.405153,-0.208778,268.729052
194,E,archive/stickers/originals/194/194.jpg,source-border-risk,min-area-rect,0.994859,1.151934,-0.0,362.0
206,H,archive/stickers/originals/206/206.jpg,usable,quad-p75,0.244772,1.046912,0.181818,213.08449
221,E,archive/stickers/originals/221/221.png,source-border-risk,quad-p65,0.415447,1.107584,0.0,174.255559
223,G,archive/stickers/originals/223/223.jpg,source-border-risk,min-area-rect,0.82995,1.428977,0.0,1056.0
231,F,archive/stickers/originals/231/231.jpg,source-border-risk,min-area-rect,0.722722,1.126739,-0.0,647.0
242,H,archive/stickers/originals/242/242.jpg,source-border-risk,min-area-rect,0.995046,1.053571,-0.0,392.0
245,B,archive/stickers/originals/245/245.jpg,source-border-risk,quad-p65,0.595696,1.572149,0.0,933.002144
247,D,archive/stickers/originals/247/247.jpg,usable,quad-p55,0.456406,1.035492,0.036769,1464.04918
248,E,archive/stickers/originals/248/248.jpg,usable,quad-p75,0.280074,1.119101,0.135684,1151.001738
252,I,archive/stickers/originals/252/252.jpg,source-border-risk,min-area-rect,0.993618,1.391791,0.0,267.999939
258,F,archive/stickers/originals/258/258.jpg,source-border-risk,min-area-rect,0.692718,1.248366,0.0,306.0
263,B,archive/stickers/originals/263/263.jpg,source-border-risk,quad-p65,0.256796,3.052219,0.0,328.0
267,F,archive/stickers/originals/267/267.jpg,source-border-risk,min-area-rect,0.592998,1.259016,-0.0,305.0
282,C,archive/stickers/originals/282/282.jpg,usable,quad-p55,0.435876,1.029551,0.123936,743.043067
296,H,archive/stickers/originals/296/296.jpg,source-border-risk,min-area-rect,0.454393,1.646154,-0.0,455.0
306,I,archive/stickers/originals/306/306.jpg,source-border-risk,min-area-rect,0.623998,1.012678,-0.005626,624.166378
312,F,archive/stickers/originals/312/312.png,source-border-risk,quad-p55,0.570263,1.549784,0.0,231.0
317,B,archive/stickers/originals/317/317.jpg,source-border-risk,min-area-rect,0.580629,2.281752,0.0,685.0
324,I,archive/stickers/originals/324/324.jpg,usable,min-area-rect,0.570813,1.17738,0.015125,1234.94916
328,D,archive/stickers/originals/328/328.jpg,usable,quad-p55,0.520921,1.033029,0.084382,1088.077663
333,I,archive/stickers/originals/333/333.jpg,edge-resolution-low,quad-p75,0.255584,1.080549,0.208029,148.084435
334,A,archive/stickers/originals/334/334.jpg,quadrilateral-aspect-risk,quad-p75,0.324569,1.36188,0.150097,257.001946
336,C,archive/stickers/originals/336/336.jpg,quadrilateral-aspect-risk,quad-p65,0.37464,2.390765,0.044,189.042323
338,E,archive/stickers/originals/338/338.jpg,source-border-risk,min-area-rect,0.631994,1.290894,0.0,1241.0
339,F,archive/stickers/originals/339/339.jpg,usable,quad-p65,0.246206,1.029638,0.214286,540.003704
343,A,archive/stickers/originals/343/343.jpg,usable,quad-p55,0.42342,1.022656,0.102214,1143.342906
347,E,archive/stickers/originals/347/347.jpg,source-border-risk,quad-p55,0.498747,1.081747,0.0,245.002041
354,C,archive/stickers/originals/354/354.jpg,usable,quad-p65,0.271841,1.035115,0.125926,740.054728
362,B,archive/stickers/originals/362/362.jpg,source-border-risk,min-area-rect,0.999242,2.057682,-0.0,1959.0
364,D,archive/stickers/originals/364/364.jpg,source-border-risk,quad-p55,0.526546,1.909541,0.0,1290.68354
366,F,archive/stickers/originals/366/366.jpg,source-border-risk,quad-p55,0.55381,2.123661,0.0,942.975079
375,F,archive/stickers/originals/375/375.jpg,usable,min-area-rect,0.627568,1.08849,0.067876,1205.519993
384,F,archive/stickers/originals/384/384.png,source-border-risk,quad-p55,0.542161,1.210818,0.0,618.934568
393,F,archive/stickers/originals/393/393.jpg,usable,quad-p55,0.528521,1.016921,0.126225,590.06864
402,F,archive/stickers/originals/402/402.jpg,source-border-risk,min-area-rect,0.720297,1.536256,-0.0,2372.0
405,I,archive/stickers/originals/405/405.jpg,usable,quad-p75,0.259993,1.094495,0.177474,982.521247
413,H,archive/stickers/originals/413/413.png,usable,quad-p65,0.362684,1.260923,0.136449,305.785873
436,D,archive/stickers/originals/436/436.png,usable,quad-p65,0.366341,1.23911,0.124169,243.002058
444,C,archive/stickers/originals/444/444.png,quadrilateral-aspect-risk,quad-p65,0.354795,1.688139,0.146384,282.007092
445,D,archive/stickers/originals/445/445.jpg,source-border-risk,min-area-rect,0.998542,1.333611,-0.0,1199.0
449,H,archive/stickers/originals/449/449.jpg,usable,min-area-rect,0.535416,1.0121,0.106485,1417.559511
450,I,archive/stickers/originals/450/450.jpg,source-border-risk,quad-p55,0.264185,3.015687,0.0,994.466691
469,A,archive/stickers/originals/469/469.jpg,source-border-risk,quad-p65,0.23559,9.758574,0.0,413.072633
470,B,archive/stickers/originals/470/470.jpg,source-border-risk,quad-p55,0.29975,2.602174,0.0,461.0
475,G,archive/stickers/originals/475/475.jpg,source-border-risk,min-area-rect,0.745041,1.00599,-0.0,3005.0
476,H,archive/stickers/originals/476/476.jpg,source-border-risk,min-area-rect,0.636253,1.28612,0.0,2111.0
478,A,archive/stickers/originals/478/478.jpg,usable,quad-p65,0.424636,1.109397,0.074007,1062.417056
597,C,archive/stickers/originals/597/597.png,source-border-risk,min-area-rect,0.748769,1.225131,-0.0,191.0
