record_id,family,question,test_design,independence,assessment,experiment_ids,source,source_state,corpus,dependency_cluster,finding,scope_limit,needed_evidence
"R001","BASE","periodicity","observed-replication","independent-physical","carrier-supported","421","docs/experiment-421-h108-replication-audit.md","main","physical-84-66","physical-repeat","20/20 same-H108-residue pairs agree across 84 stickers; conditional exchangeability null is not a blind period-search p-value.","H108 repeat supported; no decoding operation implied.","new independent production/serial evidence"
"R002","BASE","chronology","historical-reconstruction","archived-source","carrier-supported","297","docs/experiment-ledger.md","main","historical-82-65","historical-carrier","Discord 108/9 master reproduces its source corpus and supports historically attested carrier geometry.","Same corpus as observations; not a second replication.","earlier independently dated master or photo"
"R003","TAIL","selector grammar","exact-compatible-count","same-corpus","compatible","317","docs/experiment-317-tail-metadata-observation-audit.md","main","historical-82-65","tail-census","One slash per 3-cell tail permits 36 assignments; exact-one-dot alternative contradicted by observed H tail.","A compatible grammar does not establish selector usage.","new tail residue with frozen alternative predictions"
"R004","TAIL","row-vs-column","exploratory-structural-filter","same-corpus-selected","exploratory","329","docs/experiment-329-tail-selected-one-exception.md","main","historical-82-65","row-exception","12 row-family survivors and zero column-family survivors under one-exception criterion selected after seeing data.","Cannot treat 12-vs-zero as a preregistered discovery.","physical residue 84 or 102"
"R005","TAIL","null calibration","selection-conditioned-null","same-corpus-selected","weak-evidence","339;340","docs/experiment-340-row-selector-holdout-selection.md","main","historical-82-65","row-exception","Four-forced-cell leave-one-out correctness is guaranteed; selected-null count >=4 in roughly 14–15 percent.","Explicit corrective downgrade of claimed holdout success.","new untouched physical evidence"
"R006","TAIL","predictive reach","matched-LOO","same-corpus","limited-compatible","323","docs/experiment-323-cross-family-q4-holdout.md","main","historical-82-65","shared-Q4-LOO","Tail-only forced 3/11 observed Q4 cells correctly and left eight ambiguous; zero exclusions.","Forcing fewer symbols than incumbent is not a falsification.","prospective 84/102"
"R007","RECURSIVE","predictive reach","matched-LOO","same-corpus","conditional-fit","323","docs/experiment-323-cross-family-q4-holdout.md","main","historical-82-65","shared-Q4-LOO","Incumbent forced 10/11 and left one ambiguous on same Q4 cells; zero exclusions.","Comparison conditioned on the incumbent grammar and its fit selection.","externally cued G6 consumer"
"R008","TAIL","frozen alternatives","precommitted-prediction","same-corpus","prediction-untested","336","docs/experiment-336-row-selector-physical-discriminators.md","main","historical-82-65","row-exception","Row rule predicts residue 84=dot and 102=slash versus competing incumbent predictions.","Predictions remain conditional until new independent observation.","direct owner-confirmed 84/102"
"R009","RECURSIVE","internal normal form","formal-conditional","internal-derivation","conditional-structure","305","docs/experiment-ledger.md","main","pre-427","recursion-formal","9! global address bijections leave canonical recursive family unique modulo observational gauge under route-preserving criteria.","Internal uniqueness under imposed criteria; not independent authorial evidence.","consumer specifying reused address transform"
"R010","RECURSIVE","completion breadth","exact-enumeration","internal-derivation","conditional-structure","365;366","docs/experiment-365-completion-universe.md","main","historical-82-65","completion-universe","Layered completion spaces depend on chosen census and POS3/selection axioms; counts later change with 427-dot.","Never equate fitted completion with observed sticker.","new photo or fair cross-family likelihood"
"R011","RECURSIVE","new physical constraint","independent-physical-test","new-physical","conditional-prune","418","docs/experiment-418-sticker-427-prospective-prune.md","main","physical-84-66","physical-427","Residue 103=dot reduces U2/U3/U4/U5 to 324/108/12/10; does not by itself choose an operation.","Physical observation is independent; remaining counts are model-conditional.","additional variable physical residue"
"R012","GEOMETRY","3-of-9 grammar","chronological-prequential","archived-source-replay","qualified-support","350","docs/experiment-350-chronological-frame-occupancy.md","main","historical-82-65","occupancy","3/6 one-per-column skeleton better predicts historical corpus than 3-of-9 unrestricted alternative under stated likelihood.","Supports local occupancy, not POS3 recursion or terminal.","blind new primary symbol"
"R013","ORDER","generic row sorting","leave-one-out","same-corpus-selected","negative-vs-baseline","360","docs/experiment-360-row-order-predictivity.md","main","historical-82-65","continuity","9x12 optimized order 29/47 versus 33/47 majority; 12x9 16/49 versus 29/49.","Fixed continuity sorting fails missing-symbol utility tests.","clue-constrained ordering"
"R014","ORDER","historical positive control","positive-control","independent-archival-fixture","method-inadequate","362;363","docs/experiment-363-pc-acorn-continuity-recoverability.md","main","pc-acorn-32rows","continuity","Canonical acorn image has strong adjacency signal but blind objective yields wrong higher-scoring orderings.","Image continuity alone does not recover authored sequence.","external row-order marks"
"R015","GEOMETRY","literal Pigpen glyph","structural-contradiction","same-corpus","rejects-fixed-grammar","327","docs/experiment-327-pigpen-literal-geometry.md","main","historical-82-65","pigpen","Literal dual-stroke standard Pigpen incompatible in all nine bodies with observed orientation families.","Rejects literal Pigpen ink interpretation only.","independent category-codebook"
"R016","GEOMETRY","category Pigpen glyph","completion-enumeration","same-corpus","underidentified","328;335","docs/experiment-335-pigpen-semantic-search-space.md","main","historical-82-65","pigpen","14,400 conventional A–R codebook/text combinations under admitted grammar; distinct-looking glyphs common in null completions.","No registration fixed; English-looking text is multiple testing.","independent alphabet registration"
"R017","OVERLAY","perimeter check bits","replicated-image-null","independent-photo-within-source","rejects-fixed-channel","344;346","docs/experiment-346-preregistered-perimeter-feature-audit.md","main","35-full-perimeter-photos","perimeter","Preregistered grayscale edge-profile channel failed five gates, despite usable perimeter photos.","Only this precise grayscale channel rejected.","source-motivated different channel"
"R018","CONVENTIONAL","unkeyed Trifid","exact-ensemble-screen","same-corpus","rejects-fixed-grammar","402","docs/experiment-402-trifid-3x36-replay.md","main","pre-427-U2-648","direct-cipher","36 standard unkeyed configurations across 648 U2 masters yield no valid match to historical partial plaintext.","Rejects bounded decoder configurations, not keyed cipher universe.","independently supplied alphabet/key"
"R019","CONVENTIONAL","fractionated Morse","exact-ensemble-screen","same-corpus","rejects-fixed-grammar","403","docs/experiment-403-fractionated-morse-direct.md","main","pre-427-U2-648","direct-cipher","All six symbol mappings fail because invariant triple creates forbidden xxx token.","Rejects canonical direct fractionation only.","independent alternative grouping"
"R020","CONVENTIONAL","direct Morse","exact-ensemble-screen","same-corpus","rejects-fixed-grammar","404;405","docs/experiment-405-classword-morse.md","main","pre-427-U2-648","direct-cipher","Serial and class-word direct Morse registrations contain invariant illegal six-mark token.","Literal tested registrations closed.","external separator convention"
"R021","DIGIT","534brn nine-digit indexed consumer","external-conditional-screen","historical-plus-same-corpus","parameter-sensitive","378;389;390","docs/experiment-390-534brn-universe-survival.md","main","pre-427-U2-648","534brn-E2","External fingerprint selected two U2–U4 one-shot masters but no U5; exact registration remained unlicensed.","Conditional external rival rather than demonstrated authorial decoder.","frozen physical test (executed in 418)"
"R022","DIGIT","534brn E2 prospective physical check","precommitted-physical-test","new-physical","falsified-frozen-model","391;418","docs/experiment-418-sticker-427-prospective-prune.md","main","physical-84-66","534brn-E2","Frozen E2 predicted residue 103=slash; new observed 427→103=dot eliminates both E2 masters.","Decisive failure of frozen registration, not all digit consumers.","independently motivated new registration"
"R023","LEVER","known bunker password","fixed-command-compatibility","same-corpus","rejects-fixed-grammar","342;343","docs/experiment-ledger.md","main","historical-82-65","lever","Literal mark-to-UP/LEFT/RIGHT mapping cannot produce known bunker password on tested contiguous registrations.","Other lever commands or clue-selected positions remain possible.","independent ordering and device target"
"R024","OVERLAY","repeat-tail XOR","deterministic-transform","same-corpus","does-not-discriminate","419","docs/experiment-419-tail-xor-overlay.md","main","physical-84-66","xor","27-cell tail repeated and XORed over 81-body yields surface without reducing completion family.","Re-encoding is not a decoder without a fixed reader.","independent overlay mask/target"
"R025","BASE","Xbox position precedence","historical-provenance","archived-source","operation-precedent-only","368;372","docs/experiment-372-xbox-positional-precedent.md","main","xbox-2018","historical-cross-puzzle","Solved Xbox Braille includes nine numeric symbols with no five; local positional filtering demonstrated in that puzzle.","Source of operator prior, not CE transfer proof.","sticker-specific parameter cue"
"R026","CUBE","one-slash Q4 cube depth","exact-null","pending","pending","448","https://github.com/gamesbyian/GRA-EDISNI/pull/142","open-pr","physical-84-66","cube-same-masked","280/495 Q4 labelings compatible with depth condition under fixed census.","Compatibility is common under this null; pending review.","fresh cube-specific discriminator"
"R027","CUBE","selected-depth 27-cell output","exact-completion-enumeration","pending","pending","450;451","https://github.com/gamesbyian/GRA-EDISNI/pull/143","open-pr","physical-84-66","cube-depth","Reported candidate masters produce several possible output words and no uniquely decoded output.","Pending independent script review.","source-specified selector consumer"
"R028","CUBE","cross-cube copy holdouts","masked-permutation-and-holdout","pending","pending","452;453;454;455","https://github.com/gamesbyian/GRA-EDISNI/pull/143","open-pr","physical-84-66","cube-transfer","Reported correlation partly replicates; simple transfer not better than majority baseline on held stickers.","Selection/null/holdout details require branch verification.","fresh frozen transfer prediction"
"R029","CUBE","depth vs quarter interpretation","exact-rival-comparison","pending","pending","456","https://github.com/gamesbyian/GRA-EDISNI/pull/143","open-pr","physical-84-66","cube-axis","Reported disjoint depth/quarter completion sets; predictions differ at 50/54/93.","Promising discriminatory design but both interpretations conditional.","verified new symbols at 50/54/93"
"R030","PUNCH","IBM 029 conversion","fixed-encoding-audit","pending","pending","424","https://github.com/gamesbyian/GRA-EDISNI/pull/140","open-pr","physical-84-66","punch-card","Reported three ternary symbol indicators exactly recoded into punch rows with no additional information.","Conversion alone cannot establish downstream consumer.","genuine punch-card layout or reader"
"R031","BASE","23 and print-endpoint arithmetic","bounded-arithmetic","pending","pending","426","https://github.com/gamesbyian/GRA-EDISNI/pull/141","open-pr","physical-84-66","endpoints","621=23*27 and 648=6*108 noted among frozen candidate totals.","No manufacturing confirmation; numerology is not independent evidence.","publisher/manufacturer print-run documentation"
"R032","BASE","destination hypothesis portfolio","hypothesis-inventory","pending","pending","none","https://github.com/gamesbyian/GRA-EDISNI/pull/144","open-pr","physical-84-66","destination","Proposes multiple possible output consumers and an observation-only carrier/channel control.","Narrative candidate inventory, not a validated endpoint.","externally cued executable consumer"
