residue,background,preferred_guess,support_of_10,alternate_symbol,alternate_support,canonical_class,gauge_note,research_role,acquisition_priority
1,A,/,10,,0,invariant,,hard_model_test,1
6,F,/,10,,0,invariant,primary gauge q0d0 F<->H,primary_gauge_discriminator,1
8,H,-,10,,0,invariant,primary gauge q0d0 F<->H,primary_gauge_discriminator,1
11,B,-,10,,0,invariant,,hard_model_test,1
16,G,-,10,,0,invariant,,hard_model_test,1
22,D,-,8,/,2,state-dependent,,hidden_state_discriminator,2
25,G,/,8,-,2,state-dependent,,hidden_state_discriminator,2
27,I,/,10,,0,invariant,,hard_model_test,1
28,A,/,10,,0,invariant,,hard_model_test,1
33,F,-,10,,0,invariant,,hard_model_test,1
34,G,/,10,,0,invariant,,hard_model_test,1
35,H,-,10,,0,invariant,,hard_model_test,1
41,E,/,10,,0,invariant,primary gauge q1d1 E<->I,primary_gauge_discriminator,1
45,I,-,10,,0,invariant,primary gauge q1d1 E<->I,primary_gauge_discriminator,1
49,D,-,10,,0,invariant,,hard_model_test,1
50,E,-,10,,0,invariant,,hard_model_test,1
52,G,-,10,,0,invariant,,hard_model_test,1
54,I,-,10,,0,invariant,,hard_model_test,1
55,A,/,8,-,2,state-dependent,,hidden_state_discriminator,2
58,D,/,8,-,2,state-dependent,,hidden_state_discriminator,2
61,G,-,6,/,4,state-dependent,,hidden_state_discriminator,2
62,H,-,10,,0,invariant,,hard_model_test,1
64,A,/,10,,0,invariant,,hard_model_test,1
67,D,/,10,,0,invariant,,hard_model_test,1
68,E,/,10,,0,invariant,,hard_model_test,1
73,A,-,10,,0,invariant,,hard_model_test,1
77,E,/,10,,0,invariant,,hard_model_test,1
82,A,.,10,,0,invariant,Q4 A-stack polarity gauge,q4_gauge_discriminator,1
83,B,.,10,,0,invariant,,hard_model_test,1
84,C,.,5,/,5,state-dependent,Q4 C-stack polarity gauge,hidden_state_plus_q4_gauge,1
87,F,.,10,,0,invariant,,hard_model_test,1
88,G,.,6,/,4,state-dependent,,hidden_state_discriminator,2
91,A,.,6,/,4,state-dependent,Q4 A-stack polarity gauge,hidden_state_plus_q4_gauge,1
93,C,.,10,,0,invariant,Q4 C-stack polarity gauge,q4_gauge_discriminator,1
94,D,/,10,,0,state-dependent,,hidden_state_discriminator,2
99,I,.,10,,0,invariant,broader coupled Q4 F+I branch,broader_branch_discriminator,2
100,A,/,6,.,4,state-dependent,Q4 A-stack polarity gauge,hidden_state_plus_q4_gauge,1
102,C,.,5,/,5,state-dependent,Q4 C-stack polarity gauge,hidden_state_plus_q4_gauge,1
104,E,.,10,,0,invariant,,hard_model_test,1
105,F,.,10,,0,invariant,broader coupled Q4 F+I branch,broader_branch_discriminator,2
106,G,/,6,.,4,state-dependent,,hidden_state_discriminator,2
107,H,/,10,,0,invariant,,hard_model_test,1
